ID ,Start,End,Secchi_Adj,CC,SS_desc,SS,WH,WS,AVG_SA,T_H,T_D,Species,Species_cat,Depth,Global_count,Global_P,SPA_count,LureA,SPB_count,LureB,SPC_count,LureC,SPD_count,LureD
210520_Quadrat_M2P_01,6:32,6:35,6.6,0,glassy,Glassy,0,0,8.2,2.7,rising,Global,0,0.5,38,95,8,80,10,100,10,100,10,100
210520_Quadrat_M2P_01,6:32,6:35,6.6,0,glassy,Glassy,0,0,8.2,2.7,rising,Global,0,1,33,82.5,3,30,10,100,10,100,10,100
210520_Quadrat_M2P_01,6:32,6:35,6.6,0,glassy,Glassy,0,0,8.2,2.7,rising,Global,0,1.5,30,75,0,0,10,100,10,100,10,100
210520_Quadrat_M2P_01,6:32,6:35,6.6,0,glassy,Glassy,0,0,8.2,2.7,rising,Global,0,2,30,75,0,0,10,100,10,100,10,100
210604_Quadrat_M2P_01,6:23,6:26,5.6,1,glassy,Glassy,0,0,8.34,1.9,rising,Global,0,0.5,35,87.5,5,50,10,100,10,100,10,100
210604_Quadrat_M2P_01,6:23,6:26,5.6,1,glassy,Glassy,0,0,8.34,1.9,rising,Global,0,1,35,87.5,5,50,10,100,10,100,10,100
210604_Quadrat_M2P_01,6:23,6:26,5.6,1,glassy,Glassy,0,0,8.34,1.9,rising,Global,0,1.5,32,80,2,20,10,100,10,100,10,100
210604_Quadrat_M2P_01,6:23,6:26,5.6,1,glassy,Glassy,0,0,8.34,1.9,rising,Global,0,2,30,75,0,0,10,100,10,100,10,100
210604_Quadrat_M2P_02,6:29,6:31,5.6,1,glassy,Glassy,0,0,9.22,1.9,rising,Global,0,0.5,40,100,10,100,10,100,10,100,10,100
210604_Quadrat_M2P_02,6:29,6:31,5.6,1,glassy,Glassy,0,0,9.22,1.9,rising,Global,0,1,37,92.5,7,70,10,100,10,100,10,100
210604_Quadrat_M2P_02,6:29,6:31,5.6,1,glassy,Glassy,0,0,9.22,1.9,rising,Global,0,1.5,31,77.5,1,10,10,100,10,100,10,100
210604_Quadrat_M2P_02,6:29,6:31,5.6,1,glassy,Glassy,0,0,9.22,1.9,rising,Global,0,2,30,75,0,0,10,100,10,100,10,100
210519_Quadrat_M2P_01,6:40,6:43,7.5,0,glassy,Glassy,0,0,9.3,2.6,falling,Global,0,0.5,40,100,10,100,10,100,10,100,10,100
210519_Quadrat_M2P_01,6:40,6:43,7.5,0,glassy,Glassy,0,0,9.3,2.6,falling,Global,0,1,38,95,8,80,10,100,10,100,10,100
210519_Quadrat_M2P_01,6:40,6:43,7.5,0,glassy,Glassy,0,0,9.3,2.6,falling,Global,0,1.5,30,75,0,0,10,100,10,100,10,100
210519_Quadrat_M2P_01,6:40,6:43,7.5,0,glassy,Glassy,0,0,9.3,2.6,falling,Global,0,2,30,75,0,0,10,100,10,100,10,100
210601_Quadrat_M2P_01,6:35,6:37,5.2,0,glassy,Glassy,0,0,9.92,2.7,falling,Global,0,0.5,40,100,10,100,10,100,10,100,10,100
210601_Quadrat_M2P_01,6:35,6:37,5.2,0,glassy,Glassy,0,0,9.92,2.7,falling,Global,0,1,38,95,8,80,10,100,10,100,10,100
210601_Quadrat_M2P_01,6:35,6:37,5.2,0,glassy,Glassy,0,0,9.92,2.7,falling,Global,0,1.5,30,75,0,0,10,100,10,100,10,100
210601_Quadrat_M2P_01,6:35,6:37,5.2,0,glassy,Glassy,0,0,9.92,2.7,falling,Global,0,2,30,75,0,0,10,100,10,100,10,100
210521_Quadrat_M2P_01,6:45,6:48,6.7,1,glassy,Glassy,0,0,10.4,2.5,rising,Global,0,0.5,37,92.5,7,70,10,100,10,100,10,100
210521_Quadrat_M2P_01,6:45,6:48,6.7,1,glassy,Glassy,0,0,10.4,2.5,rising,Global,0,1,30,75,0,0,10,100,10,100,10,100
210521_Quadrat_M2P_01,6:45,6:48,6.7,1,glassy,Glassy,0,0,10.4,2.5,rising,Global,0,1.5,30,75,0,0,10,100,10,100,10,100
210521_Quadrat_M2P_01,6:45,6:48,6.7,1,glassy,Glassy,0,0,10.4,2.5,rising,Global,0,2,30,75,0,0,10,100,10,100,10,100
210604_Quadrat_M2P_03,6:39,6:41,5.6,1,glassy,Glassy,0,0,10.72,2.2,rising,Global,0,0.5,40,100,10,100,10,100,10,100,10,100
210604_Quadrat_M2P_03,6:39,6:41,5.6,1,glassy,Glassy,0,0,10.72,2.2,rising,Global,0,1,38,95,8,80,10,100,10,100,10,100
210604_Quadrat_M2P_03,6:39,6:41,5.6,1,glassy,Glassy,0,0,10.72,2.2,rising,Global,0,1.5,30,75,0,0,10,100,10,100,10,100
210604_Quadrat_M2P_03,6:39,6:41,5.6,1,glassy,Glassy,0,0,10.72,2.2,rising,Global,0,2,30,75,0,0,10,100,10,100,10,100
210603_Quadrat_M2P_01,6:41,6:43,5.2,1,glassy,Glassy,0,0,10.97,2.5,rising,Global,0,0.5,40,100,10,100,10,100,10,100,10,100
210603_Quadrat_M2P_01,6:41,6:43,5.2,1,glassy,Glassy,0,0,10.97,2.5,rising,Global,0,1,37,92.5,7,70,10,100,10,100,10,100
210603_Quadrat_M2P_01,6:41,6:43,5.2,1,glassy,Glassy,0,0,10.97,2.5,rising,Global,0,1.5,30,75,0,0,10,100,10,100,10,100
210603_Quadrat_M2P_01,6:41,6:43,5.2,1,glassy,Glassy,0,0,10.97,2.5,rising,Global,0,2,30,75,0,0,10,100,10,100,10,100
210602_Quadrat_M2P_01,6:42,6:45,5.1,0.1,glassy,Glassy,0,0,11.05,2.7,High slack,Global,0,0.5,40,100,10,100,10,100,10,100,10,100
210602_Quadrat_M2P_01,6:42,6:45,5.1,0.1,glassy,Glassy,0,0,11.05,2.7,High slack,Global,0,1,40,100,10,100,10,100,10,100,10,100
210602_Quadrat_M2P_01,6:42,6:45,5.1,0.1,glassy,Glassy,0,0,11.05,2.7,High slack,Global,0,1.5,35,87.5,5,50,10,100,10,100,10,100
210602_Quadrat_M2P_01,6:42,6:45,5.1,0.1,glassy,Glassy,0,0,11.05,2.7,High slack,Global,0,2,30,75,0,0,10,100,10,100,10,100
210604_Quadrat_M2P_04,6:47,6:49,5.6,1,glassy,Glassy,0,0,11.94,2.2,rising,Global,0,0.5,40,100,10,100,10,100,10,100,10,100
210604_Quadrat_M2P_04,6:47,6:49,5.6,1,glassy,Glassy,0,0,11.94,2.2,rising,Global,0,1,38,95,8,80,10,100,10,100,10,100
210604_Quadrat_M2P_04,6:47,6:49,5.6,1,glassy,Glassy,0,0,11.94,2.2,rising,Global,0,1.5,30,75,0,0,10,100,10,100,10,100
210604_Quadrat_M2P_04,6:47,6:49,5.6,1,glassy,Glassy,0,0,11.94,2.2,rising,Global,0,2,30,75,0,0,10,100,10,100,10,100
210531_Quadrat_M2P_01,6:49,6:51,5,1,glassy,Glassy,0,0,11.97,2.4,falling,Global,0,0.5,40,100,10,100,10,100,10,100,10,100
210531_Quadrat_M2P_01,6:49,6:51,5,1,glassy,Glassy,0,0,11.97,2.4,falling,Global,0,1,31,77.5,1,10,10,100,10,100,10,100
210531_Quadrat_M2P_01,6:49,6:51,5,1,glassy,Glassy,0,0,11.97,2.4,falling,Global,0,1.5,30,75,0,0,10,100,10,100,10,100
210531_Quadrat_M2P_01,6:49,6:51,5,1,glassy,Glassy,0,0,11.97,2.4,falling,Global,0,2,29,72.5,0,0,10,100,10,100,9,90
210602_Quadrat_M2P_02,6:50,6:53,5.1,0.1,glassy,Glassy,0,0,12.27,2.7,High slack,Global,0,0.5,40,100,10,100,10,100,10,100,10,100
210602_Quadrat_M2P_02,6:50,6:53,5.1,0.1,glassy,Glassy,0,0,12.27,2.7,High slack,Global,0,1,40,100,10,100,10,100,10,100,10,100
210602_Quadrat_M2P_02,6:50,6:53,5.1,0.1,glassy,Glassy,0,0,12.27,2.7,High slack,Global,0,1.5,34,85,4,40,10,100,10,100,10,100
210602_Quadrat_M2P_02,6:50,6:53,5.1,0.1,glassy,Glassy,0,0,12.27,2.7,High slack,Global,0,2,30,75,0,0,10,100,10,100,10,100
210603_Quadrat_M2P_02,6:50,6:52,5.2,1,glassy,Glassy,0,3.9,12.34,2.5,rising,Global,0,0.5,40,100,10,100,10,100,10,100,10,100
210603_Quadrat_M2P_02,6:50,6:52,5.2,1,glassy,Glassy,0,3.9,12.34,2.5,rising,Global,0,1,36,90,6,60,10,100,10,100,10,100
210603_Quadrat_M2P_02,6:50,6:52,5.2,1,glassy,Glassy,0,3.9,12.34,2.5,rising,Global,0,1.5,30,75,0,0,10,100,10,100,10,100
210603_Quadrat_M2P_02,6:50,6:52,5.2,1,glassy,Glassy,0,3.9,12.34,2.5,rising,Global,0,2,30,75,0,0,10,100,10,100,10,100
210601_Quadrat_M2P_02,6:52,6:55,5.2,0,glassy,Glassy,0,0,12.51,2.7,falling,Global,0,0.5,40,100,10,100,10,100,10,100,10,100
210601_Quadrat_M2P_02,6:52,6:55,5.2,0,glassy,Glassy,0,0,12.51,2.7,falling,Global,0,1,37,92.5,7,70,10,100,10,100,10,100
210601_Quadrat_M2P_02,6:52,6:55,5.2,0,glassy,Glassy,0,0,12.51,2.7,falling,Global,0,1.5,30,75,0,0,10,100,10,100,10,100
210601_Quadrat_M2P_02,6:52,6:55,5.2,0,glassy,Glassy,0,0,12.51,2.7,falling,Global,0,2,30,75,0,0,10,100,10,100,10,100
210604_Quadrat_M2P_05,6:57,7:00,5.6,1,glassy,Glassy,0,2.3,13.48,2.2,rising,Global,0,0.5,40,100,10,100,10,100,10,100,10,100
210604_Quadrat_M2P_05,6:57,7:00,5.6,1,glassy,Glassy,0,2.3,13.48,2.2,rising,Global,0,1,38,95,8,80,10,100,10,100,10,100
210604_Quadrat_M2P_05,6:57,7:00,5.6,1,glassy,Glassy,0,2.3,13.48,2.2,rising,Global,0,1.5,33,82.5,3,30,10,100,10,100,10,100
210604_Quadrat_M2P_05,6:57,7:00,5.6,1,glassy,Glassy,0,2.3,13.48,2.2,rising,Global,0,2,30,75,0,0,10,100,10,100,10,100
210603_Quadrat_M2P_03,6:59,7:01,5.2,1,glassy,Glassy,0,0,13.73,2.5,rising,Global,0,0.5,40,100,10,100,10,100,10,100,10,100
210603_Quadrat_M2P_03,6:59,7:01,5.2,1,glassy,Glassy,0,0,13.73,2.5,rising,Global,0,1,36,90,6,60,10,100,10,100,10,100
210603_Quadrat_M2P_03,6:59,7:01,5.2,1,glassy,Glassy,0,0,13.73,2.5,rising,Global,0,1.5,30,75,0,0,10,100,10,100,10,100
210603_Quadrat_M2P_03,6:59,7:01,5.2,1,glassy,Glassy,0,0,13.73,2.5,rising,Global,0,2,30,75,0,0,10,100,10,100,10,100
210531_Quadrat_M2P_02,7:01,7:04,5,1,glassy,Glassy,0,0,13.83,2.4,falling,Global,0,0.5,37,92.5,7,70,10,100,10,100,10,100
210531_Quadrat_M2P_02,7:01,7:04,5,1,glassy,Glassy,0,0,13.83,2.4,falling,Global,0,1,30,75,0,0,10,100,10,100,10,100
210531_Quadrat_M2P_02,7:01,7:04,5,1,glassy,Glassy,0,0,13.83,2.4,falling,Global,0,1.5,30,75,0,0,10,100,10,100,10,100
210531_Quadrat_M2P_02,7:01,7:04,5,1,glassy,Glassy,0,0,13.83,2.4,falling,Global,0,2,29,72.5,0,0,10,100,10,100,9,90
210601_Quadrat_M2P_03,7:02,7:05,5.2,0,glassy,Glassy,0,0,14.06,2.7,falling,Global,0,0.5,40,100,10,100,10,100,10,100,10,100
210601_Quadrat_M2P_03,7:02,7:05,5.2,0,glassy,Glassy,0,0,14.06,2.7,falling,Global,0,1,36,90,6,60,10,100,10,100,10,100
210601_Quadrat_M2P_03,7:02,7:05,5.2,0,glassy,Glassy,0,0,14.06,2.7,falling,Global,0,1.5,30,75,10,100,10,100,10,100,10,100
210601_Quadrat_M2P_03,7:02,7:05,5.2,0,glassy,Glassy,0,0,14.06,2.7,falling,Global,0,2,30,75,10,100,10,100,10,100,10,100
210602_Quadrat_M2P_03,7:05,7:10,5.1,0.1,glassy,Glassy,0,0,14.75,2.7,falling,Global,0,0.5,40,100,10,100,10,100,10,100,10,100
210602_Quadrat_M2P_03,7:05,7:10,5.1,0.1,glassy,Glassy,0,0,14.75,2.7,falling,Global,0,1,40,100,10,100,10,100,10,100,10,100
210602_Quadrat_M2P_03,7:05,7:10,5.1,0.1,glassy,Glassy,0,0,14.75,2.7,falling,Global,0,1.5,36,90,6,60,10,100,10,100,10,100
210602_Quadrat_M2P_03,7:05,7:10,5.1,0.1,glassy,Glassy,0,0,14.75,2.7,falling,Global,0,2,30,75,0,0,10,100,10,100,10,100
210604_Quadrat_M2P_06,7:06,7:08,5.6,1,glassy,Glassy,0,0,14.87,2.2,rising,Global,0,0.5,40,100,10,100,10,100,10,100,10,100
210604_Quadrat_M2P_06,7:06,7:08,5.6,1,glassy,Glassy,0,0,14.87,2.2,rising,Global,0,1,38,95,8,80,10,100,10,100,10,100
210604_Quadrat_M2P_06,7:06,7:08,5.6,1,glassy,Glassy,0,0,14.87,2.2,rising,Global,0,1.5,30,75,0,0,10,100,10,100,10,100
210604_Quadrat_M2P_06,7:06,7:08,5.6,1,glassy,Glassy,0,0,14.87,2.2,rising,Global,0,2,30,75,0,0,10,100,10,100,10,100
210603_Quadrat_M2P_04,7:07,7:09,5.2,1,glassy,Glassy,0,0,14.97,2.5,rising,Global,0,0.5,40,100,10,100,10,100,10,100,10,100
210603_Quadrat_M2P_04,7:07,7:09,5.2,1,glassy,Glassy,0,0,14.97,2.5,rising,Global,0,1,34,85,4,40,10,100,10,100,10,100
210603_Quadrat_M2P_04,7:07,7:09,5.2,1,glassy,Glassy,0,0,14.97,2.5,rising,Global,0,1.5,30,75,0,0,10,100,10,100,10,100
210603_Quadrat_M2P_04,7:07,7:09,5.2,1,glassy,Glassy,0,0,14.97,2.5,rising,Global,0,2,30,75,0,0,10,100,10,100,10,100
210518_Quadrat_M2P_01,7:19,7:24,6.7,0.8,glassy calm with some rollers,Glassy,0,0,15.4,2.5,falling,Global,0,0.5,34,85,4,40,10,100,10,100,10,100
210518_Quadrat_M2P_01,7:19,7:24,6.7,0.8,glassy calm with some rollers,Glassy,0,0,15.4,2.5,falling,Global,0,1,32,80,2,20,10,100,10,100,10,100
210518_Quadrat_M2P_01,7:19,7:24,6.7,0.8,glassy calm with some rollers,Glassy,0,0,15.4,2.5,falling,Global,0,1.5,30,75,0,0,10,100,10,100,10,100
210518_Quadrat_M2P_01,7:19,7:24,6.7,0.8,glassy calm with some rollers,Glassy,0,0,15.4,2.5,falling,Global,0,2,30,75,0,0,10,100,10,100,10,100
210602_Quadrat_M2P_04,7:11,7:13,5.1,0.1,glassy,Glassy,0,0,15.54,2.7,falling,Global,0,0.5,40,100,10,100,10,100,10,100,10,100
210602_Quadrat_M2P_04,7:11,7:13,5.1,0.1,glassy,Glassy,0,0,15.54,2.7,falling,Global,0,1,40,100,10,100,10,100,10,100,10,100
210602_Quadrat_M2P_04,7:11,7:13,5.1,0.1,glassy,Glassy,0,0,15.54,2.7,falling,Global,0,1.5,35,87.5,5,50,10,100,10,100,10,100
210602_Quadrat_M2P_04,7:11,7:13,5.1,0.1,glassy,Glassy,0,0,15.54,2.7,falling,Global,0,2,30,75,0,0,10,100,10,100,10,100
210531_Quadrat_M2P_03,7:13,7:16,5,1,glassy,Glassy,0,0,15.71,2.4,falling,Global,0,0.5,39,97.5,9,90,10,100,10,100,10,100
210531_Quadrat_M2P_03,7:13,7:16,5,1,glassy,Glassy,0,0,15.71,2.4,falling,Global,0,1,30,75,0,0,10,100,10,100,10,100
210531_Quadrat_M2P_03,7:13,7:16,5,1,glassy,Glassy,0,0,15.71,2.4,falling,Global,0,1.5,30,75,0,0,10,100,10,100,10,100
210531_Quadrat_M2P_03,7:13,7:16,5,1,glassy,Glassy,0,0,15.71,2.4,falling,Global,0,2,28,70,0,0,10,100,10,100,8,80
210601_Quadrat_M2P_04,7:15,7:17,5.2,0,glassy,Glassy,0,0,15.78,2.7,falling,Global,0,0.5,40,100,10,100,10,100,10,100,10,100
210601_Quadrat_M2P_04,7:15,7:17,5.2,0,glassy,Glassy,0,0,15.78,2.7,falling,Global,0,1,35,87.5,5,50,10,100,10,100,10,100
210601_Quadrat_M2P_04,7:15,7:17,5.2,0,glassy,Glassy,0,0,15.78,2.7,falling,Global,0,1.5,30,75,0,0,10,100,10,100,10,100
210601_Quadrat_M2P_04,7:15,7:17,5.2,0,glassy,Glassy,0,0,15.78,2.7,falling,Global,0,2,30,75,0,0,10,100,10,100,10,100
210603_Quadrat_M2P_05,7:15,7:17,5.4,1,glassy,Glassy,0,5.3,16.23,2.5,rising,Global,0,0.5,40,100,10,100,10,100,10,100,10,100
210603_Quadrat_M2P_05,7:15,7:17,5.4,1,glassy,Glassy,0,5.3,16.23,2.5,rising,Global,0,1,34,85,4,40,10,100,10,100,10,100
210603_Quadrat_M2P_05,7:15,7:17,5.4,1,glassy,Glassy,0,5.3,16.23,2.5,rising,Global,0,1.5,30,75,0,0,10,100,10,100,10,100
210603_Quadrat_M2P_05,7:15,7:17,5.4,1,glassy,Glassy,0,5.3,16.23,2.5,rising,Global,0,2,30,75,0,0,10,100,10,100,10,100
210604_Quadrat_M2P_07,7:15,7:17,5.6,1,smooth ripples,Ripples,0.5,0,16.29,2.2,rising,Global,0,0.5,40,100,10,100,10,100,10,100,10,100
210604_Quadrat_M2P_07,7:15,7:17,5.6,1,smooth ripples,Ripples,0.5,0,16.29,2.2,rising,Global,0,1,37,92.5,7,70,10,100,10,100,10,100
210604_Quadrat_M2P_07,7:15,7:17,5.6,1,smooth ripples,Ripples,0.5,0,16.29,2.2,rising,Global,0,1.5,31,77.5,1,10,10,100,10,100,10,100
210604_Quadrat_M2P_07,7:15,7:17,5.6,1,smooth ripples,Ripples,0.5,0,16.29,2.2,rising,Global,0,2,30,75,0,0,10,100,10,100,10,100
210602_Quadrat_M2P_05,7:18,7:26,5.6,0.1,glassy,Glassy,0,0,17.11,2.7,falling,Global,0,0.5,40,100,10,100,10,100,10,100,10,100
210602_Quadrat_M2P_05,7:18,7:26,5.6,0.1,glassy,Glassy,0,0,17.11,2.7,falling,Global,0,1,40,100,10,100,10,100,10,100,10,100
210602_Quadrat_M2P_05,7:18,7:26,5.6,0.1,glassy,Glassy,0,0,17.11,2.7,falling,Global,0,1.5,35,87.5,5,50,10,100,10,100,10,100
210602_Quadrat_M2P_05,7:18,7:26,5.6,0.1,glassy,Glassy,0,0,17.11,2.7,falling,Global,0,2,30,75,0,0,10,100,10,100,10,100
210603_Quadrat_M2P_06,7:22,7:25,5.4,1,glassy,Glassy,0,2.5,17.33,2.5,rising,Global,0,0.5,40,100,10,100,10,100,10,100,10,100
210603_Quadrat_M2P_06,7:22,7:25,5.4,1,glassy,Glassy,0,2.5,17.33,2.5,rising,Global,0,1,35,87.5,5,50,10,100,10,100,10,100
210603_Quadrat_M2P_06,7:22,7:25,5.4,1,glassy,Glassy,0,2.5,17.33,2.5,rising,Global,0,1.5,30,75,0,0,10,100,10,100,10,100
210603_Quadrat_M2P_06,7:22,7:25,5.4,1,glassy,Glassy,0,2.5,17.33,2.5,rising,Global,0,2,30,75,0,0,10,100,10,100,10,100
210531_Quadrat_M2P_04,7:24,7:26,5,1,glassy,Glassy,0,0,17.45,2.4,falling,Global,0,0.5,39,97.5,9,90,10,100,10,100,10,100
210531_Quadrat_M2P_04,7:24,7:26,5,1,glassy,Glassy,0,0,17.45,2.4,falling,Global,0,1,30,75,0,0,10,100,10,100,10,100
210531_Quadrat_M2P_04,7:24,7:26,5,1,glassy,Glassy,0,0,17.45,2.4,falling,Global,0,1.5,30,75,0,0,10,100,10,100,10,100
210531_Quadrat_M2P_04,7:24,7:26,5,1,glassy,Glassy,0,0,17.45,2.4,falling,Global,0,2,29,72.5,0,0,10,100,10,100,9,90
210601_Quadrat_M2P_05,7:24,7:26,5.2,0,glassy,Glassy,0,0,17.52,2.7,falling,Global,0,0.5,40,100,10,100,10,100,10,100,10,100
210601_Quadrat_M2P_05,7:24,7:26,5.2,0,glassy,Glassy,0,0,17.52,2.7,falling,Global,0,1,36,90,6,60,10,100,10,100,10,100
210601_Quadrat_M2P_05,7:24,7:26,5.2,0,glassy,Glassy,0,0,17.52,2.7,falling,Global,0,1.5,30,75,0,0,10,100,10,100,10,100
210601_Quadrat_M2P_05,7:24,7:26,5.2,0,glassy,Glassy,0,0,17.52,2.7,falling,Global,0,2,30,75,0,0,10,100,10,100,10,100
210604_Quadrat_M2P_08,7:25,7:27,5.6,1,glassy,Glassy,0,3.6,17.87,2.2,rising,Global,0,0.5,40,100,10,100,10,100,10,100,10,100
210604_Quadrat_M2P_08,7:25,7:27,5.6,1,glassy,Glassy,0,3.6,17.87,2.2,rising,Global,0,1,37,92.5,7,70,10,100,10,100,10,100
210604_Quadrat_M2P_08,7:25,7:27,5.6,1,glassy,Glassy,0,3.6,17.87,2.2,rising,Global,0,1.5,31,77.5,1,10,10,100,10,100,10,100
210604_Quadrat_M2P_08,7:25,7:27,5.6,1,glassy,Glassy,0,3.6,17.87,2.2,rising,Global,0,2,30,75,0,0,10,100,10,100,10,100
210603_Quadrat_M2P_07,7:31,7:34,5.4,1,glassy,Glassy,0,2.5,18.77,2.6,rising,Global,0,0.5,40,100,10,100,10,100,10,100,10,100
210603_Quadrat_M2P_07,7:31,7:34,5.4,1,glassy,Glassy,0,2.5,18.77,2.6,rising,Global,0,1,35,87.5,5,50,10,100,10,100,10,100
210603_Quadrat_M2P_07,7:31,7:34,5.4,1,glassy,Glassy,0,2.5,18.77,2.6,rising,Global,0,1.5,30,75,0,0,10,100,10,100,10,100
210603_Quadrat_M2P_07,7:31,7:34,5.4,1,glassy,Glassy,0,2.5,18.77,2.6,rising,Global,0,2,30,75,0,0,10,100,10,100,10,100
210604_Quadrat_M2P_09,7:31,7:34,5.6,1,glassy,Glassy,0,0,18.82,2.4,rising,Global,0,0.5,40,100,10,100,10,100,10,100,10,100
210604_Quadrat_M2P_09,7:31,7:34,5.6,1,glassy,Glassy,0,0,18.82,2.4,rising,Global,0,1,39,97.5,9,90,10,100,10,100,10,100
210604_Quadrat_M2P_09,7:31,7:34,5.6,1,glassy,Glassy,0,0,18.82,2.4,rising,Global,0,1.5,32,80,2,20,10,100,10,100,10,100
210604_Quadrat_M2P_09,7:31,7:34,5.6,1,glassy,Glassy,0,0,18.82,2.4,rising,Global,0,2,30,75,0,0,10,100,10,100,10,100
210601_Quadrat_M2P_06,7:34,7:36,5.2,0,glassy,Glassy,0,0,19.12,2.3,falling,Global,0,0.5,40,100,10,100,10,100,10,100,10,100
210601_Quadrat_M2P_06,7:34,7:36,5.2,0,glassy,Glassy,0,0,19.12,2.3,falling,Global,0,1,34,85,4,40,10,100,10,100,10,100
210601_Quadrat_M2P_06,7:34,7:36,5.2,0,glassy,Glassy,0,0,19.12,2.3,falling,Global,0,1.5,30,75,0,0,10,100,10,100,10,100
210601_Quadrat_M2P_06,7:34,7:36,5.2,0,glassy,Glassy,0,0,19.12,2.3,falling,Global,0,2,30,75,0,0,10,100,10,100,10,100
210531_Quadrat_M2P_05,7:35,7:37,4.8,1,glassy ,Glassy,0,0,19.21,1.8,falling,Global,0,0.5,40,100,10,100,10,100,10,100,10,100
210531_Quadrat_M2P_05,7:35,7:37,4.8,1,glassy ,Glassy,0,0,19.21,1.8,falling,Global,0,1,30,75,0,0,10,100,10,100,10,100
210531_Quadrat_M2P_05,7:35,7:37,4.8,1,glassy ,Glassy,0,0,19.21,1.8,falling,Global,0,1.5,30,75,0,0,10,100,10,100,10,100
210531_Quadrat_M2P_05,7:35,7:37,4.8,1,glassy ,Glassy,0,0,19.21,1.8,falling,Global,0,2,30,75,0,0,10,100,10,100,10,100
210604_Quadrat_M2P_10,7:40,7:43,5.6,1,smooth ripples,Ripples,0.5,1.2,20.26,2.4,rising,Global,0,0.5,40,100,10,100,10,100,10,100,10,100
210604_Quadrat_M2P_10,7:40,7:43,5.6,1,smooth ripples,Ripples,0.5,1.2,20.26,2.4,rising,Global,0,1,38,95,8,80,10,100,10,100,10,100
210604_Quadrat_M2P_10,7:40,7:43,5.6,1,smooth ripples,Ripples,0.5,1.2,20.26,2.4,rising,Global,0,1.5,30,75,0,0,10,100,10,100,10,100
210604_Quadrat_M2P_10,7:40,7:43,5.6,1,smooth ripples,Ripples,0.5,1.2,20.26,2.4,rising,Global,0,2,30,75,0,0,10,100,10,100,10,100
210602_Quadrat_M2P_06,7:43,7:46,5.6,0.1,ripples,Ripples,1,2.9,20.31,2.6,falling,Global,0,0.5,40,100,10,100,10,100,10,100,10,100
210602_Quadrat_M2P_06,7:43,7:46,5.6,0.1,ripples,Ripples,1,2.9,20.31,2.6,falling,Global,0,1,40,100,10,100,10,100,10,100,10,100
210602_Quadrat_M2P_06,7:43,7:46,5.6,0.1,ripples,Ripples,1,2.9,20.31,2.6,falling,Global,0,1.5,40,100,10,100,10,100,10,100,10,100
210602_Quadrat_M2P_06,7:43,7:46,5.6,0.1,ripples,Ripples,1,2.9,20.31,2.6,falling,Global,0,2,35,87.5,5,50,10,100,10,100,10,100
210517_Quadrat_M2P_01,7:47,8:00,6.9,1,glassy,Glassy,0,1.5,20.4,1.7,falling,Global,0,0.5,35,87.5,5,50,10,100,10,100,10,100
210517_Quadrat_M2P_01,7:47,8:00,6.9,1,glassy,Glassy,0,1.5,20.4,1.7,falling,Global,0,1,30,75,0,0,10,100,10,100,10,100
210517_Quadrat_M2P_01,7:47,8:00,6.9,1,glassy,Glassy,0,1.5,20.4,1.7,falling,Global,0,1.5,30,75,0,0,10,100,10,100,10,100
210517_Quadrat_M2P_01,7:47,8:00,6.9,1,glassy,Glassy,0,1.5,20.4,1.7,falling,Global,0,2,30,75,0,0,10,100,10,100,10,100
210601_Quadrat_M2P_07,7:44,7:47,5.2,0,glassy,Glassy,0,0,20.73,2.3,falling,Global,0,0.5,40,100,10,100,10,100,10,100,10,100
210601_Quadrat_M2P_07,7:44,7:47,5.2,0,glassy,Glassy,0,0,20.73,2.3,falling,Global,0,1,36,90,6,60,10,100,10,100,10,100
210601_Quadrat_M2P_07,7:44,7:47,5.2,0,glassy,Glassy,0,0,20.73,2.3,falling,Global,0,1.5,30,75,0,0,10,100,10,100,10,100
210601_Quadrat_M2P_07,7:44,7:47,5.2,0,glassy,Glassy,0,0,20.73,2.3,falling,Global,0,2,30,75,0,0,10,100,10,100,10,100
210603_Quadrat_M2P_08,7:44,7:46,5.4,1,small ripples,Ripples,0.5,3.4,20.85,2.6,High slack,Global,0,0.5,40,100,10,100,10,100,10,100,10,100
210603_Quadrat_M2P_08,7:44,7:46,5.4,1,small ripples,Ripples,0.5,3.4,20.85,2.6,High slack,Global,0,1,34,85,4,40,10,100,10,100,10,100
210603_Quadrat_M2P_08,7:44,7:46,5.4,1,small ripples,Ripples,0.5,3.4,20.85,2.6,High slack,Global,0,1.5,30,75,0,0,10,100,10,100,10,100
210603_Quadrat_M2P_08,7:44,7:46,5.4,1,small ripples,Ripples,0.5,3.4,20.85,2.6,High slack,Global,0,2,30,75,0,0,10,100,10,100,10,100
210602_Quadrat_M2P_07,7:46,7:49,5.6,0.1,ripples,Ripples,1,2.9,21.12,2.6,falling,Global,0,0.5,40,100,10,100,10,100,10,100,10,100
210602_Quadrat_M2P_07,7:46,7:49,5.6,0.1,ripples,Ripples,1,2.9,21.12,2.6,falling,Global,0,1,40,100,10,100,10,100,10,100,10,100
210602_Quadrat_M2P_07,7:46,7:49,5.6,0.1,ripples,Ripples,1,2.9,21.12,2.6,falling,Global,0,1.5,40,100,10,100,10,100,10,100,10,100
210602_Quadrat_M2P_07,7:46,7:49,5.6,0.1,ripples,Ripples,1,2.9,21.12,2.6,falling,Global,0,2,37,92.5,7,70,10,100,10,100,10,100
210531_Quadrat_M2P_06,7:48,7:50,4.8,1,glassy,Glassy,0,0,21.3,1.8,falling,Global,0,0.5,40,100,10,100,10,100,10,100,10,100
210531_Quadrat_M2P_06,7:48,7:50,4.8,1,glassy,Glassy,0,0,21.3,1.8,falling,Global,0,1,30,75,0,0,10,100,10,100,10,100
210531_Quadrat_M2P_06,7:48,7:50,4.8,1,glassy,Glassy,0,0,21.3,1.8,falling,Global,0,1.5,30,75,0,0,10,100,10,100,10,100
210531_Quadrat_M2P_06,7:48,7:50,4.8,1,glassy,Glassy,0,0,21.3,1.8,falling,Global,0,2,30,75,0,0,10,100,10,100,10,100
210604_Quadrat_M2P_11,7:49,7:51,5.6,1,ripples,Ripples,2,0,21.71,2.4,rising,Global,0,0.5,34,85,4,40,10,100,10,100,10,100
210604_Quadrat_M2P_11,7:49,7:51,5.6,1,ripples,Ripples,2,0,21.71,2.4,rising,Global,0,1,30,75,0,0,10,100,10,100,10,100
210604_Quadrat_M2P_11,7:49,7:51,5.6,1,ripples,Ripples,2,0,21.71,2.4,rising,Global,0,1.5,30,75,0,0,10,100,10,100,10,100
210604_Quadrat_M2P_11,7:49,7:51,5.6,1,ripples,Ripples,2,0,21.71,2.4,rising,Global,0,2,18,45,0,0,10,100,5,50,3,30
210603_Quadrat_M2P_09,7:53,7:56,5.4,1,small ripples,Ripples,0.5,2.4,22.31,2.6,High slack,Global,0,0.5,40,100,10,100,10,100,10,100,10,100
210603_Quadrat_M2P_09,7:53,7:56,5.4,1,small ripples,Ripples,0.5,2.4,22.31,2.6,High slack,Global,0,1,35,87.5,5,50,10,100,10,100,10,100
210603_Quadrat_M2P_09,7:53,7:56,5.4,1,small ripples,Ripples,0.5,2.4,22.31,2.6,High slack,Global,0,1.5,30,75,0,0,10,100,10,100,10,100
210603_Quadrat_M2P_09,7:53,7:56,5.4,1,small ripples,Ripples,0.5,2.4,22.31,2.6,High slack,Global,0,2,30,75,0,0,10,100,10,100,10,100
210601_Quadrat_M2P_08,7:54,7:56,5.4,0,glassy,Glassy,0,0,22.34,2.3,falling,Global,0,0.5,40,100,10,100,10,100,10,100,10,100
210601_Quadrat_M2P_08,7:54,7:56,5.4,0,glassy,Glassy,0,0,22.34,2.3,falling,Global,0,1,36,90,6,60,10,100,10,100,10,100
210601_Quadrat_M2P_08,7:54,7:56,5.4,0,glassy,Glassy,0,0,22.34,2.3,falling,Global,0,1.5,30,75,0,0,10,100,10,100,10,100
210601_Quadrat_M2P_08,7:54,7:56,5.4,0,glassy,Glassy,0,0,22.34,2.3,falling,Global,0,2,30,75,0,0,10,100,10,100,10,100
210604_Quadrat_M2P_12,7:57,7:59,5.6,1,ripples,Ripples,4,1.2,23.01,2.4,rising,Global,0,0.5,38,95,8,80,10,100,10,100,10,100
210604_Quadrat_M2P_12,7:57,7:59,5.6,1,ripples,Ripples,4,1.2,23.01,2.4,rising,Global,0,1,35,87.5,5,50,10,100,10,100,10,100
210604_Quadrat_M2P_12,7:57,7:59,5.6,1,ripples,Ripples,4,1.2,23.01,2.4,rising,Global,0,1.5,32,80,2,20,10,100,10,100,10,100
210604_Quadrat_M2P_12,7:57,7:59,5.6,1,ripples,Ripples,4,1.2,23.01,2.4,rising,Global,0,2,26,65,0,0,10,100,10,100,7,70
210531_Quadrat_M2P_07,8:02,8:05,4.8,1,glassy,Glassy,0,0,23.74,1.8,falling,Global,0,0.5,40,100,10,100,10,100,10,100,10,100
210531_Quadrat_M2P_07,8:02,8:05,4.8,1,glassy,Glassy,0,0,23.74,1.8,falling,Global,0,1,30,75,0,0,10,100,10,100,10,100
210531_Quadrat_M2P_07,8:02,8:05,4.8,1,glassy,Glassy,0,0,23.74,1.8,falling,Global,0,1.5,30,75,0,0,10,100,10,100,10,100
210531_Quadrat_M2P_07,8:02,8:05,4.8,1,glassy,Glassy,0,0,23.74,1.8,falling,Global,0,2,30,75,0,0,10,100,10,100,10,100
210603_Quadrat_M2P_10,8:04,8:06,5.4,1,smooth ripples,Ripples,0.5,3.6,24.26,2.6,High slack,Global,0,0.5,40,100,10,100,10,100,10,100,10,100
210603_Quadrat_M2P_10,8:04,8:06,5.4,1,smooth ripples,Ripples,0.5,3.6,24.26,2.6,High slack,Global,0,1,36,90,6,60,10,100,10,100,10,100
210603_Quadrat_M2P_10,8:04,8:06,5.4,1,smooth ripples,Ripples,0.5,3.6,24.26,2.6,High slack,Global,0,1.5,30,75,0,0,10,100,10,100,10,100
210603_Quadrat_M2P_10,8:04,8:06,5.4,1,smooth ripples,Ripples,0.5,3.6,24.26,2.6,High slack,Global,0,2,30,75,0,0,10,100,10,100,10,100
210601_Quadrat_M2P_09,8:06,8:08,5.4,0,glassy,Glassy,0,0,24.29,2.3,falling,Global,0,0.5,40,100,10,100,10,100,10,100,10,100
210601_Quadrat_M2P_09,8:06,8:08,5.4,0,glassy,Glassy,0,0,24.29,2.3,falling,Global,0,1,40,100,10,100,10,100,10,100,10,100
210601_Quadrat_M2P_09,8:06,8:08,5.4,0,glassy,Glassy,0,0,24.29,2.3,falling,Global,0,1.5,32,80,2,20,10,100,10,100,10,100
210601_Quadrat_M2P_09,8:06,8:08,5.4,0,glassy,Glassy,0,0,24.29,2.3,falling,Global,0,2,30,75,0,0,10,100,10,100,10,100
210531_Quadrat_M2P_08,8:12,8:14,4.8,1,slight ripples,Ripples,0.5,0,25.2,1.8,falling,Global,0,0.5,40,100,10,100,10,100,10,100,10,100
210531_Quadrat_M2P_08,8:12,8:14,4.8,1,slight ripples,Ripples,0.5,0,25.2,1.8,falling,Global,0,1,30,75,0,0,10,100,10,100,10,100
210531_Quadrat_M2P_08,8:12,8:14,4.8,1,slight ripples,Ripples,0.5,0,25.2,1.8,falling,Global,0,1.5,30,75,0,0,10,100,10,100,10,100
210531_Quadrat_M2P_08,8:12,8:14,4.8,1,slight ripples,Ripples,0.5,0,25.2,1.8,falling,Global,0,2,30,75,0,0,10,100,10,100,10,100
210604_Quadrat_M2P_13,8:11,8:13,5.6,1,smooth ripples wavy,Ripples,5,1.6,25.45,2.4,rising,Global,0,0.5,38,95,8,80,10,100,10,100,10,100
210604_Quadrat_M2P_13,8:11,8:13,5.6,1,smooth ripples wavy,Ripples,5,1.6,25.45,2.4,rising,Global,0,1,33,82.5,3,30,10,100,10,100,10,100
210604_Quadrat_M2P_13,8:11,8:13,5.6,1,smooth ripples wavy,Ripples,5,1.6,25.45,2.4,rising,Global,0,1.5,30,75,0,0,10,100,10,100,10,100
210604_Quadrat_M2P_13,8:11,8:13,5.6,1,smooth ripples wavy,Ripples,5,1.6,25.45,2.4,rising,Global,0,2,22,55,0,0,10,100,7,70,5,50
210603_Quadrat_M2P_11,8:14,8:17,5.1,1,smooth ripples,Ripples,0.5,3.6,25.72,2.6,falling,Global,0,0.5,40,100,10,100,10,100,10,100,10,100
210603_Quadrat_M2P_11,8:14,8:17,5.1,1,smooth ripples,Ripples,0.5,3.6,25.72,2.6,falling,Global,0,1,34,85,4,40,10,100,10,100,10,100
210603_Quadrat_M2P_11,8:14,8:17,5.1,1,smooth ripples,Ripples,0.5,3.6,25.72,2.6,falling,Global,0,1.5,30,75,0,0,10,100,10,100,10,100
210603_Quadrat_M2P_11,8:14,8:17,5.1,1,smooth ripples,Ripples,0.5,3.6,25.72,2.6,falling,Global,0,2,30,75,0,0,10,100,10,100,10,100
210602_Quadrat_M2P_08,8:15,8:20,5.3,0.2,Glassy,Glassy,0,0,25.99,2.6,falling,Global,0,0.5,40,100,10,100,10,100,10,100,10,100
210602_Quadrat_M2P_08,8:15,8:20,5.3,0.2,Glassy,Glassy,0,0,25.99,2.6,falling,Global,0,1,40,100,10,100,10,100,10,100,10,100
210602_Quadrat_M2P_08,8:15,8:20,5.3,0.2,Glassy,Glassy,0,0,25.99,2.6,falling,Global,0,1.5,40,100,10,100,10,100,10,100,10,100
210602_Quadrat_M2P_08,8:15,8:20,5.3,0.2,Glassy,Glassy,0,0,25.99,2.6,falling,Global,0,2,30,75,0,0,10,100,10,100,10,100
210601_Quadrat_M2P_10,8:17,8:20,5.4,0,glassy,Glassy,0,0,26.09,2.3,falling,Global,0,0.5,40,100,10,100,10,100,10,100,10,100
210601_Quadrat_M2P_10,8:17,8:20,5.4,0,glassy,Glassy,0,0,26.09,2.3,falling,Global,0,1,40,100,10,100,10,100,10,100,10,100
210601_Quadrat_M2P_10,8:17,8:20,5.4,0,glassy,Glassy,0,0,26.09,2.3,falling,Global,0,1.5,33,82.5,3,30,10,100,10,100,10,100
210601_Quadrat_M2P_10,8:17,8:20,5.4,0,glassy,Glassy,0,0,26.09,2.3,falling,Global,0,2,30,75,0,0,10,100,10,100,10,100
210531_Quadrat_M2P_09,8:24,8:26,4.8,1,glassy,Glassy,0,0,27.17,1.8,falling,Global,0,0.5,40,100,10,100,10,100,10,100,10,100
210531_Quadrat_M2P_09,8:24,8:26,4.8,1,glassy,Glassy,0,0,27.17,1.8,falling,Global,0,1,30,75,0,0,10,100,10,100,10,100
210531_Quadrat_M2P_09,8:24,8:26,4.8,1,glassy,Glassy,0,0,27.17,1.8,falling,Global,0,1.5,30,75,0,0,10,100,10,100,10,100
210531_Quadrat_M2P_09,8:24,8:26,4.8,1,glassy,Glassy,0,0,27.17,1.8,falling,Global,0,2,30,75,0,0,10,100,10,100,10,100
210603_Quadrat_M2P_12,8:24,8:27,5.1,1,glassy,Glassy,0,2.5,27.36,2.6,falling,Global,0,0.5,40,100,10,100,10,100,10,100,10,100
210603_Quadrat_M2P_12,8:24,8:27,5.1,1,glassy,Glassy,0,2.5,27.36,2.6,falling,Global,0,1,34,85,4,40,10,100,10,100,10,100
210603_Quadrat_M2P_12,8:24,8:27,5.1,1,glassy,Glassy,0,2.5,27.36,2.6,falling,Global,0,1.5,30,75,10,100,10,100,10,100,10,100
210603_Quadrat_M2P_12,8:24,8:27,5.1,1,glassy,Glassy,0,2.5,27.36,2.6,falling,Global,0,2,30,75,10,100,10,100,10,100,10,100
210520_Quadrat_M2P_02,8:33,8:36,6,0,glassy,Glassy,0,0,27.6,2.4,falling,Global,0,0.5,40,100,10,100,10,100,10,100,10,100
210520_Quadrat_M2P_02,8:33,8:36,6,0,glassy,Glassy,0,0,27.6,2.4,falling,Global,0,1,40,100,10,100,10,100,10,100,10,100
210520_Quadrat_M2P_02,8:33,8:36,6,0,glassy,Glassy,0,0,27.6,2.4,falling,Global,0,1.5,37,92.5,7,70,10,100,10,100,10,100
210520_Quadrat_M2P_02,8:33,8:36,6,0,glassy,Glassy,0,0,27.6,2.4,falling,Global,0,2,30,75,0,0,10,100,10,100,10,100
210601_Quadrat_M2P_11,8:28,8:30,5.4,0,glassy,Glassy,0,0,27.89,2.3,falling,Global,0,0.5,40,100,10,100,10,100,10,100,10,100
210601_Quadrat_M2P_11,8:28,8:30,5.4,0,glassy,Glassy,0,0,27.89,2.3,falling,Global,0,1,40,100,10,100,10,100,10,100,10,100
210601_Quadrat_M2P_11,8:28,8:30,5.4,0,glassy,Glassy,0,0,27.89,2.3,falling,Global,0,1.5,33,82.5,3,30,10,100,10,100,10,100
210601_Quadrat_M2P_11,8:28,8:30,5.4,0,glassy,Glassy,0,0,27.89,2.3,falling,Global,0,2,30,75,0,0,10,100,10,100,10,100
210531_Quadrat_M2P_10,8:33,8:37,4.8,1,glassy,Glassy,0,0,28.81,1.2,falling,Global,0,0.5,40,100,10,100,10,100,10,100,10,100
210531_Quadrat_M2P_10,8:33,8:37,4.8,1,glassy,Glassy,0,0,28.81,1.2,falling,Global,0,1,30,75,0,0,10,100,10,100,10,100
210531_Quadrat_M2P_10,8:33,8:37,4.8,1,glassy,Glassy,0,0,28.81,1.2,falling,Global,0,1.5,30,75,0,0,10,100,10,100,10,100
210531_Quadrat_M2P_10,8:33,8:37,4.8,1,glassy,Glassy,0,0,28.81,1.2,falling,Global,0,2,30,75,0,0,10,100,10,100,10,100
210603_Quadrat_M2P_13,8:34,8:36,5.1,1,glassy,Glassy,0,0,29,2.5,falling,Global,0,0.5,40,100,10,100,10,100,10,100,10,100
210603_Quadrat_M2P_13,8:34,8:36,5.1,1,glassy,Glassy,0,0,29,2.5,falling,Global,0,1,33,82.5,3,30,10,100,10,100,10,100
210603_Quadrat_M2P_13,8:34,8:36,5.1,1,glassy,Glassy,0,0,29,2.5,falling,Global,0,1.5,30,75,0,0,10,100,10,100,10,100
210603_Quadrat_M2P_13,8:34,8:36,5.1,1,glassy,Glassy,0,0,29,2.5,falling,Global,0,2,30,75,0,0,10,100,10,100,10,100
210602_Quadrat_M2P_09,8:35,8:38,5.3,0.6,Glassy,Glassy,0,2.8,29.27,2.2,falling,Global,0,0.5,40,100,10,100,10,100,10,100,10,100
210602_Quadrat_M2P_09,8:35,8:38,5.3,0.6,Glassy,Glassy,0,2.8,29.27,2.2,falling,Global,0,1,40,100,10,100,10,100,10,100,10,100
210602_Quadrat_M2P_09,8:35,8:38,5.3,0.6,Glassy,Glassy,0,2.8,29.27,2.2,falling,Global,0,1.5,34,85,4,40,10,100,10,100,10,100
210602_Quadrat_M2P_09,8:35,8:38,5.3,0.6,Glassy,Glassy,0,2.8,29.27,2.2,falling,Global,0,2,30,75,0,0,10,100,10,100,10,100
210601_Quadrat_M2P_12,8:37,8:39,5.4,0,glassy,Glassy,0,0,29.37,1.8,falling,Global,0,0.5,40,100,10,100,10,100,10,100,10,100
210601_Quadrat_M2P_12,8:37,8:39,5.4,0,glassy,Glassy,0,0,29.37,1.8,falling,Global,0,1,40,100,10,100,10,100,10,100,10,100
210601_Quadrat_M2P_12,8:37,8:39,5.4,0,glassy,Glassy,0,0,29.37,1.8,falling,Global,0,1.5,38,95,8,80,10,100,10,100,10,100
210601_Quadrat_M2P_12,8:37,8:39,5.4,0,glassy,Glassy,0,0,29.37,1.8,falling,Global,0,2,30,75,0,0,10,100,10,100,10,100
210602_Quadrat_M2P_10,8:44,8:47,5.3,0.6,Glassy,Glassy,0,1.7,30.58,2.2,falling,Global,0,0.5,40,100,10,100,10,100,10,100,10,100
210602_Quadrat_M2P_10,8:44,8:47,5.3,0.6,Glassy,Glassy,0,1.7,30.58,2.2,falling,Global,0,1,40,100,10,100,10,100,10,100,10,100
210602_Quadrat_M2P_10,8:44,8:47,5.3,0.6,Glassy,Glassy,0,1.7,30.58,2.2,falling,Global,0,1.5,33,82.5,3,30,10,100,10,100,10,100
210602_Quadrat_M2P_10,8:44,8:47,5.3,0.6,Glassy,Glassy,0,1.7,30.58,2.2,falling,Global,0,2,30,75,0,0,10,100,10,100,10,100
210531_Quadrat_M2P_11,8:45,8:47,5,1,glassy,Glassy,0,0,30.61,1.2,falling,Global,0,0.5,39,97.5,9,90,10,100,10,100,10,100
210531_Quadrat_M2P_11,8:45,8:47,5,1,glassy,Glassy,0,0,30.61,1.2,falling,Global,0,1,31,77.5,1,10,10,100,10,100,10,100
210531_Quadrat_M2P_11,8:45,8:47,5,1,glassy,Glassy,0,0,30.61,1.2,falling,Global,0,1.5,30,75,0,0,10,100,10,100,10,100
210531_Quadrat_M2P_11,8:45,8:47,5,1,glassy,Glassy,0,0,30.61,1.2,falling,Global,0,2,30,75,0,0,10,100,10,100,10,100
210601_Quadrat_M2P_13,8:45,8:48,5.1,0,glassy,Glassy,0,0,30.68,1.8,falling,Global,0,0.5,40,100,10,100,10,100,10,100,10,100
210601_Quadrat_M2P_13,8:45,8:48,5.1,0,glassy,Glassy,0,0,30.68,1.8,falling,Global,0,1,40,100,10,100,10,100,10,100,10,100
210601_Quadrat_M2P_13,8:45,8:48,5.1,0,glassy,Glassy,0,0,30.68,1.8,falling,Global,0,1.5,38,95,8,80,10,100,10,100,10,100
210601_Quadrat_M2P_13,8:45,8:48,5.1,0,glassy,Glassy,0,0,30.68,1.8,falling,Global,0,2,30,75,0,0,10,100,10,100,10,100
210603_Quadrat_M2P_14,8:45,8:47,5.1,1,glassy,Glassy,0,2.5,30.8,2.5,falling,Global,0,0.5,40,100,10,100,10,100,10,100,10,100
210603_Quadrat_M2P_14,8:45,8:47,5.1,1,glassy,Glassy,0,2.5,30.8,2.5,falling,Global,0,1,36,90,6,60,10,100,10,100,10,100
210603_Quadrat_M2P_14,8:45,8:47,5.1,1,glassy,Glassy,0,2.5,30.8,2.5,falling,Global,0,1.5,30,75,0,0,10,100,10,100,10,100
210603_Quadrat_M2P_14,8:45,8:47,5.1,1,glassy,Glassy,0,2.5,30.8,2.5,falling,Global,0,2,30,75,0,0,10,100,10,100,10,100
210518_Quadrat_M2P_02,9:00,9:03,6.8,0.6,ripples ,Ripples,1,0,31.7,1.6,falling,Global,0,0.5,35,87.5,5,50,10,100,10,100,10,100
210518_Quadrat_M2P_02,9:00,9:03,6.8,0.6,ripples ,Ripples,1,0,31.7,1.6,falling,Global,0,1,32,80,2,20,10,100,10,100,10,100
210518_Quadrat_M2P_02,9:00,9:03,6.8,0.6,ripples ,Ripples,1,0,31.7,1.6,falling,Global,0,1.5,30,75,0,0,10,100,10,100,10,100
210518_Quadrat_M2P_02,9:00,9:03,6.8,0.6,ripples ,Ripples,1,0,31.7,1.6,falling,Global,0,2,30,75,0,0,10,100,10,100,10,100
210602_Quadrat_M2P_11,8:53,8:56,5.3,0.6,Ripples,Ripples,0,2.2,32.06,2.2,falling,Global,0,0.5,40,100,10,100,10,100,10,100,10,100
210602_Quadrat_M2P_11,8:53,8:56,5.3,0.6,Ripples,Ripples,0,2.2,32.06,2.2,falling,Global,0,1,36,90,6,60,10,100,10,100,10,100
210602_Quadrat_M2P_11,8:53,8:56,5.3,0.6,Ripples,Ripples,0,2.2,32.06,2.2,falling,Global,0,1.5,31,77.5,1,10,10,100,10,100,10,100
210602_Quadrat_M2P_11,8:53,8:56,5.3,0.6,Ripples,Ripples,0,2.2,32.06,2.2,falling,Global,0,2,29,72.5,0,0,10,100,10,100,9,90
210531_Quadrat_M2P_12,8:54,8:57,5,1,glassy,Glassy,0,0,32.09,1.2,falling,Global,0,0.5,40,100,10,100,10,100,10,100,10,100
210531_Quadrat_M2P_12,8:54,8:57,5,1,glassy,Glassy,0,0,32.09,1.2,falling,Global,0,1,30,75,0,0,10,100,10,100,10,100
210531_Quadrat_M2P_12,8:54,8:57,5,1,glassy,Glassy,0,0,32.09,1.2,falling,Global,0,1.5,30,75,0,0,10,100,10,100,10,100
210531_Quadrat_M2P_12,8:54,8:57,5,1,glassy,Glassy,0,0,32.09,1.2,falling,Global,0,2,30,75,0,0,10,100,10,100,10,100
210603_Quadrat_M2P_15,8:54,8:56,5.1,0.9,soft ripples,Ripples,0.5,4.8,32.12,2.5,falling,Global,0,0.5,40,100,10,100,10,100,10,100,10,100
210603_Quadrat_M2P_15,8:54,8:56,5.1,0.9,soft ripples,Ripples,0.5,4.8,32.12,2.5,falling,Global,0,1,32,80,2,20,10,100,10,100,10,100
210603_Quadrat_M2P_15,8:54,8:56,5.1,0.9,soft ripples,Ripples,0.5,4.8,32.12,2.5,falling,Global,0,1.5,30,75,0,0,10,100,10,100,10,100
210603_Quadrat_M2P_15,8:54,8:56,5.1,0.9,soft ripples,Ripples,0.5,4.8,32.12,2.5,falling,Global,0,2,30,75,0,0,10,100,10,100,10,100
210601_Quadrat_M2P_14,8:56,8:58,5.1,0,glassy,Glassy,0,0,32.49,1.8,falling,Global,0,0.5,40,100,10,100,10,100,10,100,10,100
210601_Quadrat_M2P_14,8:56,8:58,5.1,0,glassy,Glassy,0,0,32.49,1.8,falling,Global,0,1,40,100,10,100,10,100,10,100,10,100
210601_Quadrat_M2P_14,8:56,8:58,5.1,0,glassy,Glassy,0,0,32.49,1.8,falling,Global,0,1.5,36,90,6,60,10,100,10,100,10,100
210601_Quadrat_M2P_14,8:56,8:58,5.1,0,glassy,Glassy,0,0,32.49,1.8,falling,Global,0,2,30,75,10,100,10,100,10,100,10,100
210602_Quadrat_M2P_12,9:03,9:05,5.3,0.6,Ripples,Ripples,1,3.3,33.7,2.2,falling,Global,0,0.5,37,92.5,7,70,10,100,10,100,10,100
210602_Quadrat_M2P_12,9:03,9:05,5.3,0.6,Ripples,Ripples,1,3.3,33.7,2.2,falling,Global,0,1,30,75,0,0,10,100,10,100,10,100
210602_Quadrat_M2P_12,9:03,9:05,5.3,0.6,Ripples,Ripples,1,3.3,33.7,2.2,falling,Global,0,1.5,24,60,0,0,10,100,7,70,6,60
210602_Quadrat_M2P_12,9:03,9:05,5.3,0.6,Ripples,Ripples,1,3.3,33.7,2.2,falling,Global,0,2,9,22.5,0,0,6,60,2,20,1,10
210603_Quadrat_M2P_16,9:03,9:05,5.1,0.9,soft ripples,Ripples,1,1.7,33.76,2.5,falling,Global,0,0.5,40,100,10,100,10,100,10,100,10,100
210603_Quadrat_M2P_16,9:03,9:05,5.1,0.9,soft ripples,Ripples,1,1.7,33.76,2.5,falling,Global,0,1,38,95,8,80,10,100,10,100,10,100
210603_Quadrat_M2P_16,9:03,9:05,5.1,0.9,soft ripples,Ripples,1,1.7,33.76,2.5,falling,Global,0,1.5,30,75,0,0,10,100,10,100,10,100
210603_Quadrat_M2P_16,9:03,9:05,5.1,0.9,soft ripples,Ripples,1,1.7,33.76,2.5,falling,Global,0,2,30,75,0,0,10,100,10,100,10,100
210531_Quadrat_M2P_13,9:06,9:09,5,1,glassy,Glassy,0,0,34.05,1.2,falling,Global,0,0.5,40,100,10,100,10,100,10,100,10,100
210531_Quadrat_M2P_13,9:06,9:09,5,1,glassy,Glassy,0,0,34.05,1.2,falling,Global,0,1,30,75,0,0,10,100,10,100,10,100
210531_Quadrat_M2P_13,9:06,9:09,5,1,glassy,Glassy,0,0,34.05,1.2,falling,Global,0,1.5,30,75,0,0,10,100,10,100,10,100
210531_Quadrat_M2P_13,9:06,9:09,5,1,glassy,Glassy,0,0,34.05,1.2,falling,Global,0,2,30,75,0,0,10,100,10,100,10,100
210602_Quadrat_M2P_13,9:11,9:14,5.1,0.6,Ripples,Ripples,0.5,3.8,35.01,2.2,falling,Global,0,0.5,40,100,10,100,10,100,10,100,10,100
210602_Quadrat_M2P_13,9:11,9:14,5.1,0.6,Ripples,Ripples,0.5,3.8,35.01,2.2,falling,Global,0,1,40,100,10,100,10,100,10,100,10,100
210602_Quadrat_M2P_13,9:11,9:14,5.1,0.6,Ripples,Ripples,0.5,3.8,35.01,2.2,falling,Global,0,1.5,31,77.5,1,10,10,100,10,100,10,100
210602_Quadrat_M2P_13,9:11,9:14,5.1,0.6,Ripples,Ripples,0.5,3.8,35.01,2.2,falling,Global,0,2,30,75,0,0,10,100,10,100,10,100
210519_Quadrat_M2P_02,9:21,9:24,7.1,0,smooth ripples,Ripples,1,0,35.3,2,falling,Global,0,0.5,40,100,10,100,10,100,10,100,10,100
210519_Quadrat_M2P_02,9:21,9:24,7.1,0,smooth ripples,Ripples,1,0,35.3,2,falling,Global,0,1,40,100,10,100,10,100,10,100,10,100
210519_Quadrat_M2P_02,9:21,9:24,7.1,0,smooth ripples,Ripples,1,0,35.3,2,falling,Global,0,1.5,34,85,4,40,10,100,10,100,10,100
210519_Quadrat_M2P_02,9:21,9:24,7.1,0,smooth ripples,Ripples,1,0,35.3,2,falling,Global,0,2,30,75,0,0,10,100,10,100,10,100
210603_Quadrat_M2P_17,9:13,9:16,5.1,1,ripples,Ripples,1,5,35.39,2.5,falling,Global,0,0.5,40,100,10,100,10,100,10,100,10,100
210603_Quadrat_M2P_17,9:13,9:16,5.1,1,ripples,Ripples,1,5,35.39,2.5,falling,Global,0,1,34,85,4,40,10,100,10,100,10,100
210603_Quadrat_M2P_17,9:13,9:16,5.1,1,ripples,Ripples,1,5,35.39,2.5,falling,Global,0,1.5,30,75,0,0,10,100,10,100,10,100
210603_Quadrat_M2P_17,9:13,9:16,5.1,1,ripples,Ripples,1,5,35.39,2.5,falling,Global,0,2,30,75,0,0,10,100,10,100,10,100
210531_Quadrat_M2P_14,9:15,9:18,5,1,glassy,Glassy,0,0,35.52,1.2,falling,Global,0,0.5,40,100,10,100,10,100,10,100,10,100
210531_Quadrat_M2P_14,9:15,9:18,5,1,glassy,Glassy,0,0,35.52,1.2,falling,Global,0,1,33,82.5,3,30,10,100,10,100,10,100
210531_Quadrat_M2P_14,9:15,9:18,5,1,glassy,Glassy,0,0,35.52,1.2,falling,Global,0,1.5,30,75,0,0,10,100,10,100,10,100
210531_Quadrat_M2P_14,9:15,9:18,5,1,glassy,Glassy,0,0,35.52,1.2,falling,Global,0,2,30,75,0,0,10,100,10,100,10,100
210601_Quadrat_M2P_15,9:18,9:21,5.1,0,glassy,Glassy,0,0,36.08,1.8,falling,Global,0,0.5,40,100,10,100,10,100,10,100,10,100
210601_Quadrat_M2P_15,9:18,9:21,5.1,0,glassy,Glassy,0,0,36.08,1.8,falling,Global,0,1,40,100,10,100,10,100,10,100,10,100
210601_Quadrat_M2P_15,9:18,9:21,5.1,0,glassy,Glassy,0,0,36.08,1.8,falling,Global,0,1.5,36,90,6,60,10,100,10,100,10,100
210601_Quadrat_M2P_15,9:18,9:21,5.1,0,glassy,Glassy,0,0,36.08,1.8,falling,Global,0,2,30,75,0,0,10,100,10,100,10,100
210603_Quadrat_M2P_18,9:21,9:23,5,1,ripples,Ripples,1,4.2,36.69,2.5,falling,Global,0,0.5,40,100,10,100,10,100,10,100,10,100
210603_Quadrat_M2P_18,9:21,9:23,5,1,ripples,Ripples,1,4.2,36.69,2.5,falling,Global,0,1,33,82.5,3,30,10,100,10,100,10,100
210603_Quadrat_M2P_18,9:21,9:23,5,1,ripples,Ripples,1,4.2,36.69,2.5,falling,Global,0,1.5,30,75,0,0,10,100,10,100,10,100
210603_Quadrat_M2P_18,9:21,9:23,5,1,ripples,Ripples,1,4.2,36.69,2.5,falling,Global,0,2,30,75,0,0,10,100,10,100,10,100
210517_Quadrat_M2P_02,9:32,9:39,6.4,1,soft ripples,Ripples,0,0,37.1,0.9,falling,Global,0,0.5,39,97.5,9,90,10,100,10,100,10,100
210517_Quadrat_M2P_02,9:32,9:39,6.4,1,soft ripples,Ripples,0,0,37.1,0.9,falling,Global,0,1,32,80,2,20,10,100,10,100,10,100
210517_Quadrat_M2P_02,9:32,9:39,6.4,1,soft ripples,Ripples,0,0,37.1,0.9,falling,Global,0,1.5,30,75,0,0,10,100,10,100,10,100
210517_Quadrat_M2P_02,9:32,9:39,6.4,1,soft ripples,Ripples,0,0,37.1,0.9,falling,Global,0,2,30,75,0,0,10,100,10,100,10,100
210602_Quadrat_M2P_14,9:24,9:26,5.1,0.5,Ripples,Ripples,0.5,1.8,37.12,2.2,falling,Global,0,0.5,40,100,10,100,10,100,10,100,10,100
210602_Quadrat_M2P_14,9:24,9:26,5.1,0.5,Ripples,Ripples,0.5,1.8,37.12,2.2,falling,Global,0,1,40,100,10,100,10,100,10,100,10,100
210602_Quadrat_M2P_14,9:24,9:26,5.1,0.5,Ripples,Ripples,0.5,1.8,37.12,2.2,falling,Global,0,1.5,34,85,4,40,10,100,10,100,10,100
210602_Quadrat_M2P_14,9:24,9:26,5.1,0.5,Ripples,Ripples,0.5,1.8,37.12,2.2,falling,Global,0,2,30,75,0,0,10,100,10,100,10,100
210531_Quadrat_M2P_15,9:25,9:27,5,1,glassy,Glassy,0,0,37.15,1.2,falling,Global,0,0.5,40,100,10,100,10,100,10,100,10,100
210531_Quadrat_M2P_15,9:25,9:27,5,1,glassy,Glassy,0,0,37.15,1.2,falling,Global,0,1,30,75,0,0,10,100,10,100,10,100
210531_Quadrat_M2P_15,9:25,9:27,5,1,glassy,Glassy,0,0,37.15,1.2,falling,Global,0,1.5,30,75,0,0,10,100,10,100,10,100
210531_Quadrat_M2P_15,9:25,9:27,5,1,glassy,Glassy,0,0,37.15,1.2,falling,Global,0,2,30,75,0,0,10,100,10,100,10,100
210601_Quadrat_M2P_16,9:30,9:32,5.1,0,glassy,Glassy,0,0,38.02,1.3,falling,Global,0,0.5,40,100,10,100,10,100,10,100,10,100
210601_Quadrat_M2P_16,9:30,9:32,5.1,0,glassy,Glassy,0,0,38.02,1.3,falling,Global,0,1,40,100,10,100,10,100,10,100,10,100
210601_Quadrat_M2P_16,9:30,9:32,5.1,0,glassy,Glassy,0,0,38.02,1.3,falling,Global,0,1.5,36,90,6,60,10,100,10,100,10,100
210601_Quadrat_M2P_16,9:30,9:32,5.1,0,glassy,Glassy,0,0,38.02,1.3,falling,Global,0,2,30,75,0,0,10,100,10,100,10,100
210603_Quadrat_M2P_19,9:30,9:32,5,1,Waves/large ripples,Ripples,3,5.5,38.16,2.2,falling,Global,0,0.5,40,100,10,100,10,100,10,100,10,100
210603_Quadrat_M2P_19,9:30,9:32,5,1,Waves/large ripples,Ripples,3,5.5,38.16,2.2,falling,Global,0,1,31,77.5,1,10,10,100,10,100,10,100
210603_Quadrat_M2P_19,9:30,9:32,5,1,Waves/large ripples,Ripples,3,5.5,38.16,2.2,falling,Global,0,1.5,30,75,0,0,10,100,10,100,10,100
210603_Quadrat_M2P_19,9:30,9:32,5,1,Waves/large ripples,Ripples,3,5.5,38.16,2.2,falling,Global,0,2,17,42.5,0,0,9,90,6,60,3,30
210602_Quadrat_M2P_15,9:32,9:34,5.1,0.5,glassy,Glassy,0,1.4,38.42,1.8,falling,Global,0,0.5,40,100,10,100,10,100,10,100,10,100
210602_Quadrat_M2P_15,9:32,9:34,5.1,0.5,glassy,Glassy,0,1.4,38.42,1.8,falling,Global,0,1,40,100,10,100,10,100,10,100,10,100
210602_Quadrat_M2P_15,9:32,9:34,5.1,0.5,glassy,Glassy,0,1.4,38.42,1.8,falling,Global,0,1.5,40,100,10,100,10,100,10,100,10,100
210602_Quadrat_M2P_15,9:32,9:34,5.1,0.5,glassy,Glassy,0,1.4,38.42,1.8,falling,Global,0,2,32,80,2,20,10,100,10,100,10,100
210603_Quadrat_M2P_20,9:38,9:41,5,1,smooth ripples,Ripples,0.5,3.9,39.45,2.2,falling,Global,0,0.5,40,100,10,100,10,100,10,100,10,100
210603_Quadrat_M2P_20,9:38,9:41,5,1,smooth ripples,Ripples,0.5,3.9,39.45,2.2,falling,Global,0,1,33,82.5,3,30,10,100,10,100,10,100
210603_Quadrat_M2P_20,9:38,9:41,5,1,smooth ripples,Ripples,0.5,3.9,39.45,2.2,falling,Global,0,1.5,30,75,0,0,10,100,10,100,10,100
210603_Quadrat_M2P_20,9:38,9:41,5,1,smooth ripples,Ripples,0.5,3.9,39.45,2.2,falling,Global,0,2,27,67.5,0,0,10,100,9,90,8,80
210602_Quadrat_M2P_16,9:39,9:43,5.1,0.6,glassy,Glassy,0,0,39.71,1.8,falling,Global,0,0.5,40,100,10,100,10,100,10,100,10,100
210602_Quadrat_M2P_16,9:39,9:43,5.1,0.6,glassy,Glassy,0,0,39.71,1.8,falling,Global,0,1,40,100,10,100,10,100,10,100,10,100
210602_Quadrat_M2P_16,9:39,9:43,5.1,0.6,glassy,Glassy,0,0,39.71,1.8,falling,Global,0,1.5,38,95,8,80,10,100,10,100,10,100
210602_Quadrat_M2P_16,9:39,9:43,5.1,0.6,glassy,Glassy,0,0,39.71,1.8,falling,Global,0,2,30,75,0,0,10,100,10,100,10,100
210601_Quadrat_M2P_17,9:41,9:43,5.1,0,glassy,Glassy,0,0,39.8,1.3,falling,Global,0,0.5,40,100,10,100,10,100,10,100,10,100
210601_Quadrat_M2P_17,9:41,9:43,5.1,0,glassy,Glassy,0,0,39.8,1.3,falling,Global,0,1,40,100,10,100,10,100,10,100,10,100
210601_Quadrat_M2P_17,9:41,9:43,5.1,0,glassy,Glassy,0,0,39.8,1.3,falling,Global,0,1.5,37,92.5,7,70,10,100,10,100,10,100
210601_Quadrat_M2P_17,9:41,9:43,5.1,0,glassy,Glassy,0,0,39.8,1.3,falling,Global,0,2,30,75,0,0,10,100,10,100,10,100
210531_Quadrat_M2P_16,9:44,9:46,4.8,1,glassy,Glassy,0,0,40.21,0.7,falling,Global,0,0.5,40,100,10,100,10,100,10,100,10,100
210531_Quadrat_M2P_16,9:44,9:46,4.8,1,glassy,Glassy,0,0,40.21,0.7,falling,Global,0,1,32,80,2,20,10,100,10,100,10,100
210531_Quadrat_M2P_16,9:44,9:46,4.8,1,glassy,Glassy,0,0,40.21,0.7,falling,Global,0,1.5,30,75,10,100,10,100,10,100,10,100
210531_Quadrat_M2P_16,9:44,9:46,4.8,1,glassy,Glassy,0,0,40.21,0.7,falling,Global,0,2,30,75,10,100,10,100,10,100,10,100
210521_Quadrat_M2P_02,9:54,9:57,5.6,1,glassy,Glassy,0,0,40.8,2.5,falling,Global,0,0.5,39,97.5,9,90,10,100,10,100,10,100
210521_Quadrat_M2P_02,9:54,9:57,5.6,1,glassy,Glassy,0,0,40.8,2.5,falling,Global,0,1,30,75,0,0,10,100,10,100,10,100
210521_Quadrat_M2P_02,9:54,9:57,5.6,1,glassy,Glassy,0,0,40.8,2.5,falling,Global,0,1.5,30,75,0,0,10,100,10,100,10,100
210521_Quadrat_M2P_02,9:54,9:57,5.6,1,glassy,Glassy,0,0,40.8,2.5,falling,Global,0,2,24,60,0,0,10,100,9,90,5,50
210602_Quadrat_M2P_17,9:49,9:52,4.4,0.7,glassy,Glassy,0,0,41.15,1.8,falling,Global,0,0.5,40,100,10,100,10,100,10,100,10,100
210602_Quadrat_M2P_17,9:49,9:52,4.4,0.7,glassy,Glassy,0,0,41.15,1.8,falling,Global,0,1,40,100,10,100,10,100,10,100,10,100
210602_Quadrat_M2P_17,9:49,9:52,4.4,0.7,glassy,Glassy,0,0,41.15,1.8,falling,Global,0,1.5,34,85,4,40,10,100,10,100,10,100
210602_Quadrat_M2P_17,9:49,9:52,4.4,0.7,glassy,Glassy,0,0,41.15,1.8,falling,Global,0,2,30,75,0,0,10,100,10,100,10,100
210601_Quadrat_M2P_18,9:50,9:53,5,0,glassy,Glassy,0,0,41.24,1.3,falling,Global,0,0.5,40,100,10,100,10,100,10,100,10,100
210601_Quadrat_M2P_18,9:50,9:53,5,0,glassy,Glassy,0,0,41.24,1.3,falling,Global,0,1,40,100,10,100,10,100,10,100,10,100
210601_Quadrat_M2P_18,9:50,9:53,5,0,glassy,Glassy,0,0,41.24,1.3,falling,Global,0,1.5,38,95,8,80,10,100,10,100,10,100
210601_Quadrat_M2P_18,9:50,9:53,5,0,glassy,Glassy,0,0,41.24,1.3,falling,Global,0,2,30,75,0,0,10,100,10,100,10,100
210603_Quadrat_M2P_21,9:50,9:52,5,1,smooth ripples,Ripples,2,4.2,41.37,2.2,falling,Global,0,0.5,40,100,10,100,10,100,10,100,10,100
210603_Quadrat_M2P_21,9:50,9:52,5,1,smooth ripples,Ripples,2,4.2,41.37,2.2,falling,Global,0,1,32,80,2,20,10,100,10,100,10,100
210603_Quadrat_M2P_21,9:50,9:52,5,1,smooth ripples,Ripples,2,4.2,41.37,2.2,falling,Global,0,1.5,30,75,0,0,10,100,10,100,10,100
210603_Quadrat_M2P_21,9:50,9:52,5,1,smooth ripples,Ripples,2,4.2,41.37,2.2,falling,Global,0,2,21,52.5,0,0,10,100,6,60,6,60
210531_Quadrat_M2P_17,9:53,9:56,4.8,1,glassy,Glassy,0,0,41.65,0.7,falling,Global,0,0.5,40,100,10,100,10,100,10,100,10,100
210531_Quadrat_M2P_17,9:53,9:56,4.8,1,glassy,Glassy,0,0,41.65,0.7,falling,Global,0,1,32,80,2,20,10,100,10,100,10,100
210531_Quadrat_M2P_17,9:53,9:56,4.8,1,glassy,Glassy,0,0,41.65,0.7,falling,Global,0,1.5,30,75,10,100,10,100,10,100,10,100
210531_Quadrat_M2P_17,9:53,9:56,4.8,1,glassy,Glassy,0,0,41.65,0.7,falling,Global,0,2,30,75,10,100,10,100,10,100,10,100
210602_Quadrat_M2P_18,9:58,10:00,4.4,0.7,Waves,large ripples/waves,1,2.7,42.58,1.8,falling,Global,0,0.5,40,100,10,100,10,100,10,100,10,100
210602_Quadrat_M2P_18,9:58,10:00,4.4,0.7,Waves,large ripples/waves,1,2.7,42.58,1.8,falling,Global,0,1,34,85,4,40,10,100,10,100,10,100
210602_Quadrat_M2P_18,9:58,10:00,4.4,0.7,Waves,large ripples/waves,1,2.7,42.58,1.8,falling,Global,0,1.5,26,65,0,0,10,100,9,90,7,70
210602_Quadrat_M2P_18,9:58,10:00,4.4,0.7,Waves,large ripples/waves,1,2.7,42.58,1.8,falling,Global,0,2,13,32.5,0,0,7,70,5,50,2,20
210603_Quadrat_M2P_22,9:58,10:00,5,1,waves,Waves,4,6.9,42.64,2.2,falling,Global,0,0.5,40,100,10,100,10,100,10,100,10,100
210603_Quadrat_M2P_22,9:58,10:00,5,1,waves,Waves,4,6.9,42.64,2.2,falling,Global,0,1,32,80,2,20,10,100,10,100,10,100
210603_Quadrat_M2P_22,9:58,10:00,5,1,waves,Waves,4,6.9,42.64,2.2,falling,Global,0,1.5,30,75,0,0,10,100,10,100,10,100
210603_Quadrat_M2P_22,9:58,10:00,5,1,waves,Waves,4,6.9,42.64,2.2,falling,Global,0,2,19,47.5,0,0,9,90,5,50,5,50
210601_Quadrat_M2P_19,10:00,10:03,5,0,glassy,Glassy,0,0,42.99,1.3,falling,Global,0,0.5,40,100,10,100,10,100,10,100,10,100
210601_Quadrat_M2P_19,10:00,10:03,5,0,glassy,Glassy,0,0,42.99,1.3,falling,Global,0,1,40,100,10,100,10,100,10,100,10,100
210601_Quadrat_M2P_19,10:00,10:03,5,0,glassy,Glassy,0,0,42.99,1.3,falling,Global,0,1.5,40,100,10,100,10,100,10,100,10,100
210601_Quadrat_M2P_19,10:00,10:03,5,0,glassy,Glassy,0,0,42.99,1.3,falling,Global,0,2,30,75,0,0,10,100,10,100,10,100
210531_Quadrat_M2P_18,10:04,10:07,4.8,1,glassy,Glassy,0,0,43.54,0.7,falling,Global,0,0.5,40,100,10,100,10,100,10,100,10,100
210531_Quadrat_M2P_18,10:04,10:07,4.8,1,glassy,Glassy,0,0,43.54,0.7,falling,Global,0,1,32,80,2,20,10,100,10,100,10,100
210531_Quadrat_M2P_18,10:04,10:07,4.8,1,glassy,Glassy,0,0,43.54,0.7,falling,Global,0,1.5,30,75,0,0,10,100,10,100,10,100
210531_Quadrat_M2P_18,10:04,10:07,4.8,1,glassy,Glassy,0,0,43.54,0.7,falling,Global,0,2,30,75,0,0,10,100,10,100,10,100
210603_Quadrat_M2P_23,10:07,10:09,5,1,waves,Waves,5,6.9,44.06,2.2,falling,Global,0,0.5,40,100,10,100,10,100,10,100,10,100
210603_Quadrat_M2P_23,10:07,10:09,5,1,waves,Waves,5,6.9,44.06,2.2,falling,Global,0,1,34,85,4,40,10,100,10,100,10,100
210603_Quadrat_M2P_23,10:07,10:09,5,1,waves,Waves,5,6.9,44.06,2.2,falling,Global,0,1.5,30,75,0,0,10,100,10,100,10,100
210603_Quadrat_M2P_23,10:07,10:09,5,1,waves,Waves,5,6.9,44.06,2.2,falling,Global,0,2,24,60,0,0,10,100,8,80,6,60
210602_Quadrat_M2P_19,10:08,10:11,4.4,0.6,glassy ,Glassy,0,0,44.31,1.8,falling,Global,0,0.5,40,100,10,100,10,100,10,100,10,100
210602_Quadrat_M2P_19,10:08,10:11,4.4,0.6,glassy ,Glassy,0,0,44.31,1.8,falling,Global,0,1,40,100,10,100,10,100,10,100,10,100
210602_Quadrat_M2P_19,10:08,10:11,4.4,0.6,glassy ,Glassy,0,0,44.31,1.8,falling,Global,0,1.5,39,97.5,9,90,10,100,10,100,10,100
210602_Quadrat_M2P_19,10:08,10:11,4.4,0.6,glassy ,Glassy,0,0,44.31,1.8,falling,Global,0,2,31,77.5,1,10,10,100,10,100,10,100
210601_Quadrat_M2P_20,10:14,10:19,5,0,glassy,Glassy,0,0,45.17,1.3,falling,Global,0,0.5,40,100,10,100,10,100,10,100,10,100
210601_Quadrat_M2P_20,10:14,10:19,5,0,glassy,Glassy,0,0,45.17,1.3,falling,Global,0,1,40,100,10,100,10,100,10,100,10,100
210601_Quadrat_M2P_20,10:14,10:19,5,0,glassy,Glassy,0,0,45.17,1.3,falling,Global,0,1.5,39,97.5,9,90,10,100,10,100,10,100
210601_Quadrat_M2P_20,10:14,10:19,5,0,glassy,Glassy,0,0,45.17,1.3,falling,Global,0,2,30,75,0,0,10,100,10,100,10,100
210531_Quadrat_M2P_19,10:16,10:18,4.8,1,ripples ,Ripples,1,2.4,45.25,0.7,falling,Global,0,0.5,40,100,10,100,10,100,10,100,10,100
210531_Quadrat_M2P_19,10:16,10:18,4.8,1,ripples ,Ripples,1,2.4,45.25,0.7,falling,Global,0,1,33,82.5,3,30,10,100,10,100,10,100
210531_Quadrat_M2P_19,10:16,10:18,4.8,1,ripples ,Ripples,1,2.4,45.25,0.7,falling,Global,0,1.5,30,75,0,0,10,100,10,100,10,100
210531_Quadrat_M2P_19,10:16,10:18,4.8,1,ripples ,Ripples,1,2.4,45.25,0.7,falling,Global,0,2,30,75,0,0,10,100,10,100,10,100
210603_Quadrat_M2P_24,10:17,10:19,4.4,1,waves,Waves,5,11.1,45.61,2.2,falling,Global,0,0.5,40,100,10,100,10,100,10,100,10,100
210603_Quadrat_M2P_24,10:17,10:19,4.4,1,waves,Waves,5,11.1,45.61,2.2,falling,Global,0,1,32,80,2,20,10,100,10,100,10,100
210603_Quadrat_M2P_24,10:17,10:19,4.4,1,waves,Waves,5,11.1,45.61,2.2,falling,Global,0,1.5,30,75,0,0,10,100,10,100,10,100
210603_Quadrat_M2P_24,10:17,10:19,4.4,1,waves,Waves,5,11.1,45.61,2.2,falling,Global,0,2,23,57.5,0,0,10,100,7,70,6,60
210602_Quadrat_M2P_20,10:19,10:22,4.4,0.6,Ripples,ripples,0,0,45.86,1.8,falling,Global,0,0.5,36,90,6,60,10,100,10,100,10,100
210602_Quadrat_M2P_20,10:19,10:22,4.4,0.6,Ripples,ripples,0,0,45.86,1.8,falling,Global,0,1,35,87.5,5,50,10,100,10,100,10,100
210602_Quadrat_M2P_20,10:19,10:22,4.4,0.6,Ripples,ripples,0,0,45.86,1.8,falling,Global,0,1.5,30,75,0,0,10,100,10,100,10,100
210602_Quadrat_M2P_20,10:19,10:22,4.4,0.6,Ripples,ripples,0,0,45.86,1.8,falling,Global,0,2,30,75,0,0,10,100,10,100,10,100
210603_Quadrat_M2P_25,10:24,10:26,4.4,1,waves,Waves,4,3.9,46.69,2.2,falling,Global,0,0.5,40,100,10,100,10,100,10,100,10,100
210603_Quadrat_M2P_25,10:24,10:26,4.4,1,waves,Waves,4,3.9,46.69,2.2,falling,Global,0,1,34,85,4,40,10,100,10,100,10,100
210603_Quadrat_M2P_25,10:24,10:26,4.4,1,waves,Waves,4,3.9,46.69,2.2,falling,Global,0,1.5,30,75,0,0,10,100,10,100,10,100
210603_Quadrat_M2P_25,10:24,10:26,4.4,1,waves,Waves,4,3.9,46.69,2.2,falling,Global,0,2,27,67.5,0,0,10,100,9,90,8,80
210601_Quadrat_M2P_21,10:27,10:29,5,0,glassy,Glassy,0,0,47,1.3,falling,Global,0,0.5,40,100,10,100,10,100,10,100,10,100
210601_Quadrat_M2P_21,10:27,10:29,5,0,glassy,Glassy,0,0,47,1.3,falling,Global,0,1,40,100,10,100,10,100,10,100,10,100
210601_Quadrat_M2P_21,10:27,10:29,5,0,glassy,Glassy,0,0,47,1.3,falling,Global,0,1.5,39,97.5,9,90,10,100,10,100,10,100
210601_Quadrat_M2P_21,10:27,10:29,5,0,glassy,Glassy,0,0,47,1.3,falling,Global,0,2,30,75,0,0,10,100,10,100,10,100
210602_Quadrat_M2P_21,10:27,10:30,4.4,0.6,some ripples,Ripples,0.5,2.5,47.08,1.8,falling,Global,0,0.5,40,100,10,100,10,100,10,100,10,100
210602_Quadrat_M2P_21,10:27,10:30,4.4,0.6,some ripples,Ripples,0.5,2.5,47.08,1.8,falling,Global,0,1,40,100,10,100,10,100,10,100,10,100
210602_Quadrat_M2P_21,10:27,10:30,4.4,0.6,some ripples,Ripples,0.5,2.5,47.08,1.8,falling,Global,0,1.5,40,100,10,100,10,100,10,100,10,100
210602_Quadrat_M2P_21,10:27,10:30,4.4,0.6,some ripples,Ripples,0.5,2.5,47.08,1.8,falling,Global,0,2,32,80,2,20,10,100,10,100,10,100
210531_Quadrat_M2P_20,10:29,10:32,4.8,1,glassy,Glassy,0,0,47.23,0.5,falling,Global,0,0.5,39,97.5,9,90,10,100,10,100,10,100
210531_Quadrat_M2P_20,10:29,10:32,4.8,1,glassy,Glassy,0,0,47.23,0.5,falling,Global,0,1,30,75,0,0,10,100,10,100,10,100
210531_Quadrat_M2P_20,10:29,10:32,4.8,1,glassy,Glassy,0,0,47.23,0.5,falling,Global,0,1.5,30,75,0,0,10,100,10,100,10,100
210531_Quadrat_M2P_20,10:29,10:32,4.8,1,glassy,Glassy,0,0,47.23,0.5,falling,Global,0,2,22,55,0,0,10,100,7,70,5,50
210531_Quadrat_M2P_21,10:34,10:38,4.8,1,glassy,Glassy,0,2.8,48.13,0.5,falling,Global,0,0.5,40,100,10,100,10,100,10,100,10,100
210531_Quadrat_M2P_21,10:34,10:38,4.8,1,glassy,Glassy,0,2.8,48.13,0.5,falling,Global,0,1,30,75,0,0,10,100,10,100,10,100
210531_Quadrat_M2P_21,10:34,10:38,4.8,1,glassy,Glassy,0,2.8,48.13,0.5,falling,Global,0,1.5,29,72.5,0,0,10,100,10,100,9,90
210531_Quadrat_M2P_21,10:34,10:38,4.8,1,glassy,Glassy,0,2.8,48.13,0.5,falling,Global,0,2,24,60,0,0,10,100,9,90,6,60
210603_Quadrat_M2P_26,10:34,10:36,4.4,1,waves,Waves,4,3.3,48.2,1.9,falling,Global,0,0.5,40,100,10,100,10,100,10,100,10,100
210603_Quadrat_M2P_26,10:34,10:36,4.4,1,waves,Waves,4,3.3,48.2,1.9,falling,Global,0,1,36,90,6,60,10,100,10,100,10,100
210603_Quadrat_M2P_26,10:34,10:36,4.4,1,waves,Waves,4,3.3,48.2,1.9,falling,Global,0,1.5,32,80,2,20,10,100,10,100,10,100
210603_Quadrat_M2P_26,10:34,10:36,4.4,1,waves,Waves,4,3.3,48.2,1.9,falling,Global,0,2,30,75,0,0,10,100,10,100,10,100
210819_Quadrat_P4_03,14:51,14:54,4.8,0.1,ripples,Ripples,5,6,48.67,3.6,rising,Global,0,0.5,40,100,10,100,10,100,10,100,10,100
210819_Quadrat_P4_03,14:51,14:54,4.8,0.1,ripples,Ripples,5,6,48.67,3.6,rising,Global,0,1,40,100,10,100,10,100,10,100,10,100
210819_Quadrat_P4_03,14:51,14:54,4.8,0.1,ripples,Ripples,5,6,48.67,3.6,rising,Global,0,1.5,31,77.5,1,10,10,100,10,100,9,90
210819_Quadrat_P4_03,14:51,14:54,4.8,0.1,ripples,Ripples,5,6,48.67,3.6,rising,Global,0,2,16,40,0,0,10,100,8,80,6,60
210531_Quadrat_M2P_22,10:42,10:46,4.7,1,ripples ,Ripples,0.5,3.4,49.3,0.5,falling,Global,0,0.5,38,95,8,80,10,100,10,100,10,100
210531_Quadrat_M2P_22,10:42,10:46,4.7,1,ripples ,Ripples,0.5,3.4,49.3,0.5,falling,Global,0,1,32,80,2,20,10,100,10,100,10,100
210531_Quadrat_M2P_22,10:42,10:46,4.7,1,ripples ,Ripples,0.5,3.4,49.3,0.5,falling,Global,0,1.5,30,75,0,0,10,100,10,100,10,100
210531_Quadrat_M2P_22,10:42,10:46,4.7,1,ripples ,Ripples,0.5,3.4,49.3,0.5,falling,Global,0,2,28,70,0,0,10,100,10,100,8,80
210616_Quadrat_M2P_01,10:40,10:42,5.5,0.2,large ripples,Ripples,5,7.8,49.45,0.7,falling,Global,0,0.5,40,100,10,100,10,100,10,100,10,100
210616_Quadrat_M2P_01,10:40,10:42,5.5,0.2,large ripples,Ripples,5,7.8,49.45,0.7,falling,Global,0,1,40,100,10,100,10,100,10,100,10,100
210616_Quadrat_M2P_01,10:40,10:42,5.5,0.2,large ripples,Ripples,5,7.8,49.45,0.7,falling,Global,0,1.5,39,97.5,9,90,10,100,10,100,10,100
210616_Quadrat_M2P_01,10:40,10:42,5.5,0.2,large ripples,Ripples,5,7.8,49.45,0.7,falling,Global,0,2,27,67.5,4,40,10,100,7,70,6,60
210603_Quadrat_M2P_27,10:46,10:48,4.4,1,smooth ripples,Ripples,1,2.2,49.97,1.9,falling,Global,0,0.5,40,100,10,100,10,100,10,100,10,100
210603_Quadrat_M2P_27,10:46,10:48,4.4,1,smooth ripples,Ripples,1,2.2,49.97,1.9,falling,Global,0,1,35,87.5,5,50,10,100,10,100,10,100
210603_Quadrat_M2P_27,10:46,10:48,4.4,1,smooth ripples,Ripples,1,2.2,49.97,1.9,falling,Global,0,1.5,30,75,0,0,10,100,10,100,10,100
210603_Quadrat_M2P_27,10:46,10:48,4.4,1,smooth ripples,Ripples,1,2.2,49.97,1.9,falling,Global,0,2,30,75,0,0,10,100,10,100,10,100
210601_Quadrat_M2P_23,10:51,10:54,4.8,0,glassy,Glassy,0,0,50.54,0.9,falling,Global,0,0.5,40,100,10,100,10,100,10,100,10,100
210601_Quadrat_M2P_23,10:51,10:54,4.8,0,glassy,Glassy,0,0,50.54,0.9,falling,Global,0,1,40,100,10,100,10,100,10,100,10,100
210601_Quadrat_M2P_23,10:51,10:54,4.8,0,glassy,Glassy,0,0,50.54,0.9,falling,Global,0,1.5,39,97.5,9,90,10,100,10,100,10,100
210601_Quadrat_M2P_23,10:51,10:54,4.8,0,glassy,Glassy,0,0,50.54,0.9,falling,Global,0,2,30,75,0,0,10,100,10,100,10,100
210819_Quadrat_P4_02,14:25,14:28,4.8,0.1,ripples,Ripples,5,9,50.77,3,rising,Global,0,0.5,40,100,10,100,10,100,10,100,10,100
210819_Quadrat_P4_02,14:25,14:28,4.8,0.1,ripples,Ripples,5,9,50.77,3,rising,Global,0,1,34,85,4,40,10,100,10,100,10,100
210819_Quadrat_P4_02,14:25,14:28,4.8,0.1,ripples,Ripples,5,9,50.77,3,rising,Global,0,1.5,24,60,0,0,9,90,8,80,7,70
210819_Quadrat_P4_02,14:25,14:28,4.8,0.1,ripples,Ripples,5,9,50.77,3,rising,Global,0,2,3,7.5,0,0,3,30,0,0,0,0
210531_Quadrat_M2P_23,10:53,10:57,4.7,1,glassy,Glassy,0.5,0,50.89,0.5,falling,Global,0,0.5,39,97.5,9,90,10,100,10,100,10,100
210531_Quadrat_M2P_23,10:53,10:57,4.7,1,glassy,Glassy,0.5,0,50.89,0.5,falling,Global,0,1,30,75,0,0,10,100,10,100,10,100
210531_Quadrat_M2P_23,10:53,10:57,4.7,1,glassy,Glassy,0.5,0,50.89,0.5,falling,Global,0,1.5,30,75,0,0,10,100,10,100,10,100
210531_Quadrat_M2P_23,10:53,10:57,4.7,1,glassy,Glassy,0.5,0,50.89,0.5,falling,Global,0,2,30,75,0,0,10,100,10,100,10,100
210603_Quadrat_M2P_28,10:55,10:57,4.4,1,smooth ripples,Ripples,1,6.7,51.26,1.9,falling,Global,0,0.5,40,100,10,100,10,100,10,100,10,100
210603_Quadrat_M2P_28,10:55,10:57,4.4,1,smooth ripples,Ripples,1,6.7,51.26,1.9,falling,Global,0,1,36,90,6,60,10,100,10,100,10,100
210603_Quadrat_M2P_28,10:55,10:57,4.4,1,smooth ripples,Ripples,1,6.7,51.26,1.9,falling,Global,0,1.5,31,77.5,1,10,10,100,10,100,10,100
210603_Quadrat_M2P_28,10:55,10:57,4.4,1,smooth ripples,Ripples,1,6.7,51.26,1.9,falling,Global,0,2,30,75,0,0,10,100,10,100,10,100
210531_Quadrat_M2P_24,11:04,11:07,4.7,0.8,ripples ,Ripples,0.5,1.8,52.14,0.5,low slack,Global,0,0.5,36,90,6,60,10,100,10,100,10,100
210531_Quadrat_M2P_24,11:04,11:07,4.7,0.8,ripples ,Ripples,0.5,1.8,52.14,0.5,low slack,Global,0,1,30,75,0,0,10,100,10,100,10,100
210531_Quadrat_M2P_24,11:04,11:07,4.7,0.8,ripples ,Ripples,0.5,1.8,52.14,0.5,low slack,Global,0,1.5,30,75,0,0,10,100,10,100,10,100
210531_Quadrat_M2P_24,11:04,11:07,4.7,0.8,ripples ,Ripples,0.5,1.8,52.14,0.5,low slack,Global,0,2,26,65,0,0,10,100,10,100,6,60
210819_Quadrat_P4_01,14:01,14:04,4.8,0.1,waves,Waves,10,11,52.18,3,Rising,Global,0,0.5,40,100,10,100,10,100,10,100,10,100
210819_Quadrat_P4_01,14:01,14:04,4.8,0.1,waves,Waves,10,11,52.18,3,Rising,Global,0,1,31,77.5,1,10,10,100,10,100,10,100
210819_Quadrat_P4_01,14:01,14:04,4.8,0.1,waves,Waves,10,11,52.18,3,Rising,Global,0,1.5,18,45,0,0,8,80,6,60,5,50
210819_Quadrat_P4_01,14:01,14:04,4.8,0.1,waves,Waves,10,11,52.18,3,Rising,Global,0,2,3,7.5,0,0,3,30,0,0,0,0
210603_Quadrat_M2P_29,11:04,11:05,4.4,1,smooth ripples,Ripples,1,2.7,52.52,1.9,falling,Global,0,0.5,40,100,10,100,10,100,10,100,10,100
210603_Quadrat_M2P_29,11:04,11:05,4.4,1,smooth ripples,Ripples,1,2.7,52.52,1.9,falling,Global,0,1,36,90,6,60,10,100,10,100,10,100
210603_Quadrat_M2P_29,11:04,11:05,4.4,1,smooth ripples,Ripples,1,2.7,52.52,1.9,falling,Global,0,1.5,30,75,0,0,10,100,10,100,10,100
210603_Quadrat_M2P_29,11:04,11:05,4.4,1,smooth ripples,Ripples,1,2.7,52.52,1.9,falling,Global,0,2,30,75,0,0,10,100,10,100,10,100
210603_Quadrat_M2P_30,11:11,11:13,4.4,1,smooth ripples,Ripples,1,4.8,53.48,1.9,falling,Global,0,0.5,40,100,10,100,10,100,10,100,10,100
210603_Quadrat_M2P_30,11:11,11:13,4.4,1,smooth ripples,Ripples,1,4.8,53.48,1.9,falling,Global,0,1,34,85,4,40,10,100,10,100,10,100
210603_Quadrat_M2P_30,11:11,11:13,4.4,1,smooth ripples,Ripples,1,4.8,53.48,1.9,falling,Global,0,1.5,30,75,0,0,10,100,10,100,10,100
210603_Quadrat_M2P_30,11:11,11:13,4.4,1,smooth ripples,Ripples,1,4.8,53.48,1.9,falling,Global,0,2,27,67.5,0,0,10,100,10,100,7,70
210531_Quadrat_M2P_25,11:13,11:16,4.7,0.9,ripples ,Ripples,0.5,1.8,53.59,0.5,low slack,Global,0,0.5,33,82.5,3,30,10,100,10,100,10,100
210531_Quadrat_M2P_25,11:13,11:16,4.7,0.9,ripples ,Ripples,0.5,1.8,53.59,0.5,low slack,Global,0,1,30,75,0,0,10,100,10,100,10,100
210531_Quadrat_M2P_25,11:13,11:16,4.7,0.9,ripples ,Ripples,0.5,1.8,53.59,0.5,low slack,Global,0,1.5,30,75,0,0,10,100,10,100,10,100
210531_Quadrat_M2P_25,11:13,11:16,4.7,0.9,ripples ,Ripples,0.5,1.8,53.59,0.5,low slack,Global,0,2,29,72.5,0,0,10,100,10,100,9,90
210601_Quadrat_M2P_26,11:16,11:19,4.8,0,glassy,Glassy,0,0,53.98,0.9,falling,Global,0,0.5,40,100,10,100,10,100,10,100,10,100
210601_Quadrat_M2P_26,11:16,11:19,4.8,0,glassy,Glassy,0,0,53.98,0.9,falling,Global,0,1,40,100,10,100,10,100,10,100,10,100
210601_Quadrat_M2P_26,11:16,11:19,4.8,0,glassy,Glassy,0,0,53.98,0.9,falling,Global,0,1.5,39,97.5,9,90,10,100,10,100,10,100
210601_Quadrat_M2P_26,11:16,11:19,4.8,0,glassy,Glassy,0,0,53.98,0.9,falling,Global,0,2,29,72.5,0,0,10,100,10,100,9,90
210603_Quadrat_M2P_31,11:18,11:22,4.4,1,ripples,Glassy,1,6.6,54.53,1.9,falling,Global,0,0.5,40,100,10,100,10,100,10,100,10,100
210603_Quadrat_M2P_31,11:18,11:22,4.4,1,ripples,Glassy,1,6.6,54.53,1.9,falling,Global,0,1,32,80,2,20,10,100,10,100,10,100
210603_Quadrat_M2P_31,11:18,11:22,4.4,1,ripples,Glassy,1,6.6,54.53,1.9,falling,Global,0,1.5,30,75,0,0,10,100,10,100,10,100
210603_Quadrat_M2P_31,11:18,11:22,4.4,1,ripples,Glassy,1,6.6,54.53,1.9,falling,Global,0,2,23,57.5,0,0,10,100,8,80,5,50
